campaign_id,brand_id,influencer_id,campaign_type,campaign_start_date,campaign_end_date,campaign_budget,campaign_status
CMP_001,BR_036,INF_126,Reel,2022-08-17,,83158.0,Cancelled
CMP_002,BR_070,INF_045,Video,2022-07-29,2022-11-25,26663.0,Completed
CMP_003,BR_078,INF_014,Reel,2022-07-11,2022-09-18,385400.0,Cancelled
CMP_004,BR_076,INF_143,Post,2025-01-21,2025-03-24,407833.0,Completed
CMP_005,BR_028,INF_173,Post,2024-05-15,2024-06-08,58625.0,Ongoing
CMP_006,BR_078,INF_136,Post,2022-07-18,2022-09-05,392589.0,Ongoing
CMP_007,BR_011,INF_283,Story,2025-01-03,2025-02-25,444846.0,Cancelled
CMP_008,BR_009,INF_024,Reel,2024-01-11,2024-04-15,415310.0,Ongoing
CMP_009,BR_013,INF_195,Story,2022-06-13,2022-10-06,247717.0,Cancelled
CMP_010,BR_027,INF_137,Post,2024-01-18,2024-03-08,329360.0,Cancelled
CMP_011,BR_021,INF_237,Video,2022-12-17,2023-01-22,151530.0,Cancelled
CMP_012,BR_099,INF_029,Reel,2025-02-14,2025-04-01,440861.0,Completed
CMP_013,BR_028,INF_291,Story,2023-10-09,2023-10-22,121477.0,Cancelled
CMP_014,BR_059,INF_074,Story,2024-10-19,2025-01-14,83206.0,
CMP_015,BR_075,INF_220,Video,2025-02-23,2025-06-03,199790.0,Completed
CMP_016,BR_097,INF_025,Post,2022-10-11,2022-10-27,90132.0,Cancelled
CMP_017,BR_077,INF_033,Video,2022-11-24,2023-01-22,210078.0,Cancelled
CMP_018,BR_002,INF_059,Story,2024-08-16,2024-10-30,412967.0,Cancelled
CMP_019,BR_021,INF_233,Post,2023-11-28,2024-01-27,388584.0,Cancelled
CMP_020,BR_023,INF_260,Post,2023-06-24,2023-10-04,466402.0,Cancelled
CMP_021,BR_078,INF_102,Reel,2023-09-04,2023-11-12,206038.0,Completed
CMP_022,BR_001,INF_166,Video,2025-01-09,2025-03-22,20211.0,Completed
CMP_023,BR_040,INF_123,Post,2024-01-14,2024-05-04,136286.0,Cancelled
CMP_024,BR_009,INF_273,Reel,2022-06-11,2022-08-17,77314.0,Cancelled
CMP_025,BR_034,INF_271,Video,2024-08-31,2024-09-26,121043.0,Cancelled
CMP_026,BR_086,INF_192,Video,2023-02-16,2023-04-13,481656.0,Cancelled
CMP_027,BR_009,INF_174,Post,2024-07-13,2024-08-15,318443.0,Cancelled
CMP_028,BR_010,INF_031,Reel,2023-04-17,2023-04-22,45337.0,
CMP_029,BR_036,INF_249,Reel,2023-11-08,2023-12-13,292713.0,Completed
CMP_030,BR_061,INF_209,Reel,2025-03-15,2025-04-20,59453.0,Completed
CMP_031,BR_060,INF_028,Post,2024-06-01,2024-07-28,41778.0,
CMP_032,BR_032,INF_099,Reel,2023-11-26,2023-12-14,291168.0,Ongoing
CMP_033,BR_060,INF_128,Post,2022-10-15,2022-11-24,242328.0,Cancelled
CMP_034,BR_002,INF_048,Reel,2022-07-20,2022-10-02,97194.0,Ongoing
CMP_035,BR_052,INF_031,Reel,2024-09-21,2025-01-14,208691.0,Completed
CMP_036,BR_059,INF_147,Video,2024-03-10,2024-06-23,375214.0,Cancelled
CMP_037,BR_020,INF_098,Story,2025-02-12,2025-04-20,124137.0,Completed
CMP_038,BR_008,INF_026,Video,2025-01-15,2025-03-01,273638.0,Cancelled
CMP_039,BR_011,INF_096,Post,2022-11-19,2023-01-28,321969.0,Completed
CMP_040,BR_073,INF_127,Post,2023-04-27,2023-08-23,334734.0,Completed
CMP_041,BR_067,INF_162,Story,2024-05-08,2024-07-24,117090.0,Cancelled
CMP_042,BR_017,INF_154,Video,2023-10-06,2023-11-30,175767.0,Completed
CMP_043,BR_013,INF_038,Reel,2022-01-20,2022-04-07,275229.0,Ongoing
CMP_044,BR_009,INF_126,Story,2022-09-29,2023-01-24,159415.0,Completed
CMP_045,BR_039,INF_271,Post,2024-06-16,2024-09-19,360152.0,Cancelled
CMP_046,BR_018,INF_136,Post,2023-09-06,2023-09-24,476465.0,Completed
CMP_047,BR_078,INF_108,Story,2025-02-07,2025-03-20,116743.0,Cancelled
CMP_048,BR_007,INF_048,Video,2023-06-25,2023-08-01,444817.0,Ongoing
CMP_049,BR_099,INF_067,Story,2022-04-01,,94715.0,Cancelled
CMP_050,BR_072,INF_005,Post,2024-06-23,2024-08-21,49449.0,Cancelled
CMP_051,BR_048,INF_299,Reel,2022-11-02,2023-02-21,235332.0,Completed
CMP_052,BR_006,INF_184,Reel,2022-03-27,2022-07-25,367599.0,Completed
CMP_053,BR_053,INF_080,Reel,2022-07-30,2022-10-14,463302.0,Completed
CMP_054,BR_023,INF_171,Video,2022-12-29,2023-01-06,430602.0,Cancelled
CMP_055,BR_090,INF_056,,2023-05-24,2023-09-06,467266.0,Completed
CMP_056,BR_059,INF_180,Story,2024-08-21,2024-12-08,440197.0,Completed
CMP_057,BR_025,INF_205,Story,2023-04-02,,156068.0,Completed
CMP_058,BR_052,INF_275,Story,2023-07-26,2023-10-04,24470.0,Completed
CMP_059,BR_005,INF_056,Video,2023-06-19,2023-07-27,191239.0,Cancelled
CMP_060,BR_015,INF_198,Reel,2023-10-05,2023-12-14,143547.0,Completed
CMP_061,BR_069,INF_101,Story,2024-06-12,,236124.0,Completed
CMP_062,BR_016,INF_154,Story,2023-11-08,2024-02-05,359643.0,Ongoing
CMP_063,BR_071,INF_066,Reel,2023-10-31,2023-12-12,230434.0,Cancelled
CMP_064,BR_023,INF_292,Story,2024-02-16,2024-06-15,222900.0,Cancelled
CMP_065,BR_056,INF_297,Story,2022-01-01,2022-02-01,253787.0,Ongoing
CMP_066,BR_061,INF_087,Post,2024-06-24,2024-09-02,158785.0,Cancelled
CMP_067,BR_031,INF_159,Reel,2023-11-18,2024-02-27,432871.0,
CMP_068,BR_032,INF_244,Post,2022-10-29,,248769.0,Ongoing
CMP_069,BR_050,INF_254,Video,2025-03-24,2025-06-26,137918.0,Completed
CMP_070,BR_099,INF_055,,2022-01-12,2022-05-07,124735.0,Completed
CMP_071,BR_032,INF_063,Video,2024-11-26,2025-02-10,79908.0,Ongoing
CMP_072,BR_041,INF_227,Video,2024-12-23,2025-03-14,445457.0,
CMP_073,BR_061,INF_231,Story,2024-07-02,2024-10-10,404147.0,Completed
CMP_074,BR_063,INF_123,Story,2023-07-22,2023-10-01,240619.0,Completed
CMP_075,BR_041,INF_277,Post,2023-08-09,2023-09-25,82547.0,Completed
CMP_076,BR_091,INF_110,Post,2023-04-19,2023-05-13,227510.0,Ongoing
CMP_077,BR_008,INF_106,Video,2023-11-09,2024-01-06,214198.0,Cancelled
CMP_078,BR_074,INF_195,Video,2022-02-10,2022-05-23,13091.0,Ongoing
CMP_079,BR_054,INF_276,Reel,2023-09-04,2023-12-27,265972.0,Completed
CMP_080,BR_050,INF_173,Video,2023-07-13,2023-07-21,389679.0,Completed
CMP_081,BR_069,INF_014,Video,2024-08-15,2024-11-07,320322.0,Cancelled
CMP_082,BR_018,INF_237,Reel,2022-02-25,2022-04-25,36363.0,Ongoing
CMP_083,BR_042,INF_173,Video,2024-02-16,2024-04-19,155886.0,Ongoing
CMP_084,BR_003,INF_277,Post,2023-06-01,2023-08-05,193480.0,Completed
CMP_085,BR_006,INF_016,Reel,,2022-08-17,114522.0,Completed
CMP_086,BR_086,INF_059,Reel,2022-11-09,2023-01-13,253811.0,Cancelled
CMP_087,BR_078,INF_059,Reel,2023-06-09,2023-07-05,173073.0,Completed
CMP_088,BR_040,INF_295,Video,2025-03-31,,217961.0,Cancelled
CMP_089,BR_081,INF_125,Post,2023-02-11,2023-05-15,375529.0,Ongoing
CMP_090,BR_006,INF_178,Video,2022-09-05,2022-11-21,356827.0,Ongoing
CMP_091,BR_002,INF_216,Video,2022-05-22,2022-07-09,65332.0,Ongoing
CMP_092,BR_059,INF_079,Video,2024-01-12,2024-05-02,102346.0,Cancelled
CMP_093,BR_079,INF_276,Video,2024-12-04,2025-01-12,253727.0,Ongoing
CMP_094,BR_012,INF_143,Video,2023-07-04,2023-08-09,137854.0,Ongoing
CMP_095,BR_044,INF_015,Video,2025-03-13,2025-05-05,456144.0,Ongoing
CMP_096,BR_034,INF_175,Story,2023-01-08,2023-02-27,471541.0,Cancelled
CMP_097,BR_025,INF_044,Reel,2023-07-20,2023-09-29,387526.0,Ongoing
CMP_098,BR_089,INF_244,Video,2024-09-27,2024-11-01,244972.0,Completed
CMP_099,BR_089,INF_125,Story,2022-07-10,2022-09-04,358106.0,Cancelled
CMP_100,BR_045,INF_218,Story,2024-01-26,2024-04-07,194450.0,Cancelled
CMP_101,BR_030,INF_062,Reel,2024-07-18,2024-08-24,175438.0,Completed
CMP_102,BR_024,INF_099,Reel,2025-01-02,2025-04-05,397241.0,
CMP_103,BR_068,INF_145,Post,2023-07-21,2023-10-31,446537.0,Completed
CMP_104,BR_039,INF_008,Reel,2023-08-30,2023-09-26,153818.0,Completed
CMP_105,BR_017,INF_252,Post,,2022-07-25,467556.0,Completed
CMP_106,BR_057,INF_175,Reel,2025-03-21,2025-05-26,36936.0,Ongoing
CMP_107,BR_052,INF_252,Post,2024-09-05,2024-09-18,312525.0,Cancelled
CMP_108,BR_073,INF_156,Post,2022-04-20,,140123.0,Completed
CMP_109,BR_077,INF_116,Video,2025-02-16,2025-05-09,246199.0,Ongoing
CMP_110,BR_040,INF_292,Post,2023-09-01,2023-10-30,329622.0,Cancelled
CMP_111,BR_081,INF_109,Story,2022-07-23,,356254.0,Completed
CMP_112,BR_010,INF_081,Post,2022-11-18,2023-02-01,224180.0,Ongoing
CMP_113,BR_037,INF_145,Video,2024-08-20,2024-09-23,47318.0,Cancelled
CMP_114,BR_081,INF_102,Video,2023-04-24,2023-08-07,70175.0,Cancelled
CMP_115,BR_019,INF_037,Post,2023-04-06,2023-05-15,96991.0,Ongoing
CMP_116,BR_016,INF_240,Story,2025-03-11,2025-05-11,376861.0,Ongoing
CMP_117,BR_057,INF_042,Post,2023-07-12,2023-09-18,476313.0,Ongoing
CMP_118,BR_012,INF_118,Post,2023-10-23,2023-10-31,410954.0,Cancelled
CMP_119,BR_097,INF_090,,2023-07-06,2023-10-16,282086.0,Cancelled
CMP_120,BR_075,INF_224,Video,2024-06-24,2024-07-22,57837.0,Ongoing
CMP_121,BR_086,INF_054,Reel,2023-12-14,2024-01-29,182912.0,Ongoing
CMP_122,BR_098,INF_282,Post,2024-10-11,2024-12-06,248459.0,Completed
CMP_123,BR_099,INF_207,Post,2023-10-07,2023-10-26,354803.0,
CMP_124,BR_067,INF_186,Video,2024-08-04,2024-09-02,337894.0,Ongoing
CMP_125,BR_017,INF_148,Video,2022-04-16,2022-06-30,471817.0,Cancelled
CMP_126,BR_078,INF_123,Reel,2024-09-19,2024-12-13,,Cancelled
CMP_127,BR_029,INF_059,Video,2022-01-29,2022-02-14,,Cancelled
CMP_128,BR_038,INF_261,Story,2022-11-12,2023-02-16,227836.0,Ongoing
CMP_129,BR_019,INF_197,Reel,2024-08-25,2024-11-08,493324.0,Cancelled
CMP_130,BR_009,INF_142,Video,2024-11-06,2024-11-28,188192.0,Cancelled
CMP_131,BR_093,INF_153,Video,2023-07-02,2023-08-12,463645.0,Completed
CMP_132,BR_043,INF_283,Video,2024-07-03,2024-08-21,248731.0,Ongoing
CMP_133,BR_074,INF_197,Reel,2023-01-22,2023-02-26,458797.0,Ongoing
CMP_134,BR_091,INF_196,Video,2022-03-31,2022-06-04,357964.0,Cancelled
CMP_135,BR_017,INF_258,Story,2022-11-08,2022-11-17,465973.0,Completed
CMP_136,BR_002,INF_074,Video,2024-06-20,2024-08-22,466619.0,Cancelled
CMP_137,BR_034,INF_174,Video,2022-11-13,2023-02-26,350701.0,Completed
CMP_138,BR_069,INF_195,Story,2023-11-04,,338623.0,Cancelled
CMP_139,BR_080,INF_036,Reel,2024-09-26,2024-10-05,340910.0,Cancelled
CMP_140,,INF_223,Post,2023-08-12,2023-11-20,408652.0,Cancelled
CMP_141,BR_039,INF_015,Post,2022-07-25,2022-10-26,180065.0,Completed
CMP_142,BR_019,INF_126,Video,2023-08-24,2023-10-23,306709.0,Cancelled
CMP_143,BR_079,INF_196,Reel,2023-01-04,2023-01-19,270920.0,Cancelled
CMP_144,BR_033,INF_236,Story,2022-10-21,2023-01-15,359616.0,Completed
CMP_145,BR_070,INF_081,Post,2024-08-10,2024-11-09,241593.0,Ongoing
CMP_146,BR_089,INF_129,Video,2023-09-05,2023-11-03,453182.0,Ongoing
CMP_147,BR_062,INF_055,Reel,2023-02-12,2023-06-06,209944.0,Cancelled
CMP_148,BR_038,INF_012,Video,2024-01-06,2024-04-09,153906.0,Completed
CMP_149,BR_096,INF_026,Video,2025-03-05,2025-06-17,446647.0,Ongoing
CMP_150,BR_029,INF_098,Story,2023-04-17,2023-06-06,365343.0,Cancelled
CMP_151,BR_081,INF_021,Story,2022-10-08,,423459.0,Ongoing
CMP_152,BR_017,INF_047,Story,2022-03-10,2022-06-16,181294.0,Cancelled
CMP_153,BR_070,INF_188,Story,2024-04-30,2024-05-21,445406.0,Completed
CMP_154,BR_038,INF_174,Post,2023-06-11,2023-08-16,255540.0,Completed
CMP_155,BR_087,INF_204,Story,2022-10-16,2022-11-18,57344.0,Ongoing
CMP_156,BR_059,INF_189,Story,2022-01-29,2022-02-18,316477.0,Ongoing
CMP_157,BR_061,INF_013,Story,2024-01-31,2024-03-05,489857.0,Cancelled
CMP_158,BR_060,INF_155,Video,2023-03-30,2023-06-24,71171.0,Completed
CMP_159,BR_064,INF_060,Post,2022-04-03,2022-05-16,133102.0,Cancelled
CMP_160,BR_086,INF_277,Video,2022-10-05,2022-11-26,317935.0,Cancelled
CMP_161,BR_013,INF_251,Video,2022-11-13,2023-02-09,156664.0,Completed
CMP_162,BR_031,INF_186,Post,2024-01-29,2024-03-30,369493.0,Ongoing
CMP_163,BR_046,INF_032,Video,2025-01-20,2025-04-17,154641.0,Completed
CMP_164,BR_059,INF_047,Reel,2022-09-08,2022-12-27,346437.0,Cancelled
CMP_165,BR_032,INF_065,Reel,2022-02-13,2022-04-01,45971.0,Cancelled
CMP_166,BR_030,INF_169,Reel,2023-03-01,2023-06-18,423476.0,Cancelled
CMP_167,BR_017,INF_277,Story,2022-01-06,2022-01-29,428651.0,Completed
CMP_168,BR_017,INF_008,Story,2022-08-14,2022-08-22,424179.0,Completed
CMP_169,BR_034,INF_027,Reel,2023-10-26,,398873.0,Ongoing
CMP_170,BR_061,INF_230,Story,2024-12-13,2024-12-26,279084.0,Cancelled
CMP_171,BR_079,INF_023,Story,2022-08-12,2022-09-14,250146.0,Cancelled
CMP_172,BR_052,INF_219,Post,2022-03-05,2022-05-10,267042.0,Cancelled
CMP_173,BR_042,INF_076,,2024-06-27,2024-07-12,76160.0,Ongoing
CMP_174,BR_077,INF_272,Story,2025-01-28,2025-03-22,247877.0,Cancelled
CMP_175,BR_015,INF_283,Reel,2024-05-31,2024-09-02,235480.0,Ongoing
CMP_176,BR_059,INF_205,Video,2023-04-13,2023-08-01,392527.0,Completed
CMP_177,BR_033,INF_192,Reel,2023-10-03,2024-01-01,370092.0,Ongoing
CMP_178,BR_012,INF_222,Post,2022-05-18,2022-06-02,400379.0,Cancelled
CMP_179,BR_008,INF_288,Story,2024-02-03,2024-04-19,361279.0,Completed
CMP_180,BR_097,INF_217,Post,2024-04-21,2024-07-20,160800.0,Cancelled
CMP_181,BR_065,INF_109,Reel,2023-10-02,2023-12-19,354318.0,Ongoing
CMP_182,BR_072,INF_189,Post,2023-04-05,2023-05-24,409824.0,Ongoing
CMP_183,BR_072,INF_286,Post,2025-03-21,2025-05-19,329288.0,Cancelled
CMP_184,BR_035,INF_159,Story,,,194037.0,Completed
CMP_185,BR_085,INF_206,Post,2023-01-07,2023-03-25,84383.0,Cancelled
CMP_186,BR_028,INF_193,Video,2022-03-04,2022-05-15,247841.0,Ongoing
CMP_187,BR_042,INF_291,Post,2022-11-19,2023-02-24,473125.0,Completed
CMP_188,BR_007,INF_042,Story,2022-11-15,2023-02-07,242318.0,Cancelled
CMP_189,BR_054,INF_140,Reel,2024-05-18,2024-07-18,405807.0,Cancelled
CMP_190,BR_037,INF_250,Story,2022-08-22,2022-09-10,33811.0,Completed
CMP_191,BR_001,INF_105,Story,2024-03-20,2024-04-01,120747.0,Completed
CMP_192,BR_001,INF_255,Video,2023-06-08,2023-06-28,102114.0,Completed
CMP_193,BR_065,INF_287,Story,2024-02-18,2024-03-23,47788.0,Ongoing
CMP_194,BR_010,INF_161,Video,2022-03-28,,310626.0,Ongoing
CMP_195,BR_003,INF_167,Reel,2024-05-05,2024-06-30,430123.0,Cancelled
CMP_196,BR_012,INF_224,Post,2024-07-31,2024-09-20,137567.0,Ongoing
CMP_197,BR_040,INF_174,Reel,2024-03-31,2024-05-25,184623.0,Completed
CMP_198,BR_068,INF_262,Reel,2022-06-06,2022-06-25,484964.0,Ongoing
CMP_199,BR_083,INF_076,Reel,2023-12-21,2024-04-08,63899.0,Completed
CMP_200,BR_020,INF_039,Reel,2023-06-09,2023-08-30,415194.0,Cancelled
CMP_201,BR_098,INF_297,Video,2024-10-08,2024-12-24,367110.0,Cancelled
CMP_202,BR_041,INF_078,Video,2023-10-24,2024-01-17,45801.0,Ongoing
CMP_203,BR_036,INF_029,Story,2024-06-24,2024-10-08,275990.0,Completed
CMP_204,BR_008,INF_189,,2023-09-28,2023-10-07,50229.0,Cancelled
CMP_205,BR_050,INF_237,Post,2022-07-04,2022-09-11,245789.0,Cancelled
CMP_206,BR_065,INF_078,Post,2023-01-21,2023-03-27,246203.0,Completed
CMP_207,BR_065,INF_089,Post,2023-12-05,2023-12-20,139889.0,Cancelled
CMP_208,BR_067,INF_082,Story,2024-06-15,2024-08-26,205481.0,Ongoing
CMP_209,BR_087,INF_027,Story,2024-03-04,2024-04-21,44556.0,Ongoing
CMP_210,BR_037,INF_130,Reel,2022-07-13,2022-09-05,184777.0,Completed
CMP_211,BR_084,INF_201,Reel,2022-10-17,2022-11-30,321972.0,Cancelled
CMP_212,BR_083,INF_169,Reel,2022-06-23,2022-08-15,361333.0,Cancelled
CMP_213,BR_055,INF_261,Story,2024-12-14,2025-03-14,19558.0,Ongoing
CMP_214,BR_044,INF_249,Reel,2023-09-25,2023-10-27,128773.0,Completed
CMP_215,BR_013,INF_260,Post,2022-11-14,2023-03-07,357041.0,Ongoing
CMP_216,BR_021,INF_093,Reel,2022-09-26,2022-10-20,388107.0,Ongoing
CMP_217,BR_093,INF_122,Video,2022-03-31,2022-06-30,330127.0,Ongoing
CMP_218,BR_040,INF_241,Reel,2024-07-08,2024-08-12,202854.0,Cancelled
CMP_219,BR_099,INF_145,Video,2025-03-14,2025-05-17,273667.0,Cancelled
CMP_220,BR_026,INF_071,Story,2024-05-07,2024-08-24,37357.0,Cancelled
CMP_221,BR_014,INF_265,Post,2024-09-11,2024-11-25,159455.0,Completed
CMP_222,BR_066,INF_076,Video,2022-11-25,2023-03-25,58084.0,Completed
CMP_223,BR_054,INF_028,Video,2024-07-12,2024-07-20,273196.0,Ongoing
CMP_224,BR_048,INF_115,Post,2023-04-28,2023-05-13,177082.0,Completed
CMP_225,BR_005,INF_147,Video,2023-11-18,2023-12-10,374942.0,Completed
CMP_226,BR_011,INF_010,Story,2024-08-18,2024-08-23,123065.0,Completed
CMP_227,BR_068,INF_217,Post,2025-01-28,2025-04-20,416937.0,Ongoing
CMP_228,BR_031,INF_215,Video,2023-05-02,2023-05-13,42929.0,Completed
CMP_229,BR_081,INF_264,Reel,2024-10-20,2024-10-27,386724.0,Completed
CMP_230,BR_046,INF_124,Video,2023-08-20,2023-11-11,108206.0,Cancelled
CMP_231,BR_009,INF_270,Post,2022-06-25,2022-08-15,214710.0,Ongoing
CMP_232,BR_033,INF_009,,2022-03-31,2022-05-22,423411.0,Completed
CMP_233,BR_081,INF_054,Story,2023-12-08,2024-03-06,79945.0,Completed
CMP_234,BR_083,INF_090,Video,2023-12-23,2024-04-10,374584.0,Ongoing
CMP_235,BR_092,INF_235,Post,2023-01-09,2023-01-22,163848.0,Completed
CMP_236,BR_006,INF_162,Story,2022-03-31,2022-07-27,280209.0,Ongoing
CMP_237,BR_097,INF_098,Story,2025-01-17,2025-01-26,197157.0,Completed
CMP_238,BR_048,INF_224,Video,2023-11-11,2024-02-26,399707.0,Ongoing
CMP_239,BR_064,INF_255,Story,2024-03-02,,494604.0,Cancelled
CMP_240,BR_055,INF_041,Video,2023-07-01,2023-10-07,325859.0,Completed
CMP_241,BR_011,INF_168,Story,2025-01-22,2025-02-09,170692.0,Ongoing
CMP_242,BR_045,INF_229,Post,2024-05-22,2024-07-22,391060.0,Ongoing
CMP_243,BR_008,INF_039,Video,2024-06-09,2024-09-23,200479.0,Cancelled
CMP_244,BR_078,INF_225,Post,2022-11-24,2022-12-17,76180.0,Completed
CMP_245,BR_047,INF_197,Post,2023-04-29,2023-06-19,327243.0,Completed
CMP_246,BR_057,INF_040,Reel,2024-07-10,2024-08-31,287589.0,Ongoing
CMP_247,BR_032,INF_059,Post,2024-03-26,2024-05-05,395705.0,Completed
CMP_248,BR_016,INF_135,Story,2024-10-19,2025-01-03,379118.0,Ongoing
CMP_249,BR_089,INF_252,Reel,2023-03-16,2023-04-26,74297.0,Completed
CMP_250,BR_092,INF_228,Post,2022-06-01,2022-09-29,434942.0,Cancelled
CMP_251,BR_009,INF_282,Story,2023-10-17,2024-01-20,477314.0,Ongoing
CMP_252,BR_082,INF_090,Story,2022-11-19,2023-02-21,276734.0,Completed
CMP_253,BR_018,INF_122,Video,2022-09-06,2022-12-21,23780.0,Ongoing
CMP_254,BR_071,INF_067,Post,2025-02-08,2025-04-13,44470.0,Ongoing
CMP_255,BR_062,INF_270,Video,2024-03-26,2024-07-01,413263.0,Ongoing
CMP_256,BR_083,INF_038,Video,2025-03-23,2025-05-07,254230.0,Cancelled
CMP_257,BR_100,INF_283,,2024-11-25,2025-03-22,412538.0,Completed
CMP_258,BR_008,INF_064,Reel,2024-06-05,2024-09-29,169448.0,Completed
CMP_259,BR_029,INF_178,Story,2022-11-28,2023-03-03,453512.0,Completed
CMP_260,BR_036,INF_065,Story,2023-05-29,2023-08-12,332137.0,Cancelled
CMP_261,BR_076,INF_298,Reel,2022-07-11,2022-08-06,99758.0,Cancelled
CMP_262,BR_006,INF_015,Post,2023-11-23,2024-02-08,33835.0,Cancelled
CMP_263,BR_099,INF_293,Video,2025-03-27,2025-04-27,334066.0,Cancelled
CMP_264,BR_070,INF_149,Story,2022-03-04,2022-05-28,263202.0,Completed
CMP_265,BR_089,INF_031,Reel,2024-04-11,2024-04-25,240479.0,Ongoing
CMP_266,BR_078,INF_074,Story,2024-09-18,2024-11-05,461666.0,Cancelled
CMP_267,BR_045,INF_205,Reel,2023-10-16,2024-02-08,408807.0,Ongoing
CMP_268,BR_031,INF_239,Post,2024-11-20,2025-01-04,150232.0,Ongoing
CMP_269,BR_038,INF_197,Video,2023-05-23,2023-06-03,140165.0,Completed
CMP_270,BR_041,INF_098,Reel,2023-11-02,2024-02-07,271234.0,Cancelled
CMP_271,BR_064,INF_012,Post,2024-08-14,2024-09-27,216172.0,Cancelled
CMP_272,BR_075,INF_181,Post,2024-07-25,2024-08-26,36497.0,Ongoing
CMP_273,BR_084,INF_241,Story,2024-10-10,2025-01-30,291380.0,Completed
CMP_274,BR_034,INF_188,Video,2022-08-09,2022-12-04,201856.0,Completed
CMP_275,BR_025,INF_186,Story,2024-03-31,2024-06-15,48551.0,Ongoing
CMP_276,BR_036,INF_061,Reel,2024-10-29,2025-01-12,60688.0,Ongoing
CMP_277,BR_072,INF_188,Reel,2024-02-04,2024-03-23,114363.0,Cancelled
CMP_278,BR_006,INF_020,Reel,2024-11-08,2024-11-18,384127.0,Ongoing
CMP_279,BR_078,INF_264,Reel,2024-08-28,2024-09-21,181948.0,Cancelled
CMP_280,BR_095,INF_154,,2023-10-15,2024-01-06,275979.0,Cancelled
CMP_281,BR_039,INF_244,Post,2024-12-26,2025-03-13,203125.0,Ongoing
CMP_282,BR_040,INF_014,Video,2022-08-13,2022-10-31,149214.0,Cancelled
CMP_283,BR_007,INF_299,Video,2025-03-30,2025-07-05,99397.0,Cancelled
CMP_284,BR_032,INF_017,Post,2024-02-18,2024-05-20,110025.0,Completed
CMP_285,BR_053,INF_105,Video,2024-06-22,2024-07-16,273097.0,Cancelled
CMP_286,BR_094,INF_032,Reel,2024-08-23,2024-11-30,281939.0,Completed
CMP_287,BR_062,INF_270,Video,2025-02-22,2025-05-22,174496.0,Completed
CMP_288,BR_070,INF_182,Story,2024-07-30,2024-09-16,329855.0,Ongoing
CMP_289,BR_072,INF_153,Reel,2023-01-29,2023-03-10,166035.0,Ongoing
CMP_290,BR_041,INF_246,Story,2023-03-01,2023-05-07,303856.0,Cancelled
CMP_291,BR_087,INF_279,,2023-07-15,2023-10-01,479636.0,Ongoing
CMP_292,BR_019,INF_149,Post,2023-12-08,2024-03-24,160801.0,Cancelled
CMP_293,BR_084,INF_132,Video,2022-06-11,2022-08-11,122190.0,Completed
CMP_294,BR_090,INF_140,Reel,2025-01-08,2025-03-25,67266.0,Cancelled
CMP_295,BR_068,INF_116,Reel,2023-05-06,2023-08-04,37520.0,Completed
CMP_296,BR_013,INF_071,Post,,2024-06-30,298543.0,Completed
CMP_297,BR_061,INF_245,Reel,2024-04-13,2024-08-08,406315.0,Ongoing
CMP_298,BR_099,INF_046,Reel,,2023-11-01,290573.0,Cancelled
CMP_299,BR_054,INF_091,Post,2022-03-18,2022-04-14,448411.0,Ongoing
CMP_300,BR_038,INF_020,Post,2024-10-11,2025-01-19,166443.0,Cancelled
CMP_301,BR_037,INF_233,Video,2022-08-08,2022-09-24,476228.0,Completed
CMP_302,BR_015,INF_170,Reel,2024-10-29,2024-11-27,393317.0,Ongoing
CMP_303,BR_095,INF_173,Story,2023-06-11,2023-06-17,307680.0,Cancelled
CMP_304,BR_082,INF_208,Video,2023-01-31,2023-05-25,280155.0,Ongoing
CMP_305,BR_024,INF_072,Video,2022-06-27,2022-07-14,179660.0,Completed
CMP_306,BR_058,INF_137,Story,2022-01-14,2022-02-18,168306.0,Cancelled
CMP_307,BR_084,INF_185,Reel,2025-03-19,,42571.0,Cancelled
CMP_308,BR_052,INF_258,Story,2022-08-31,2022-09-25,371910.0,Completed
CMP_309,BR_029,INF_069,Video,2023-08-28,2023-09-30,90313.0,Ongoing
CMP_310,BR_061,INF_276,Reel,2024-02-05,2024-04-20,409433.0,Completed
CMP_311,BR_091,INF_186,Post,2022-06-17,2022-08-28,490900.0,Cancelled
CMP_312,BR_065,INF_104,Reel,2022-08-18,2022-11-01,96264.0,Ongoing
CMP_313,BR_027,INF_299,Video,2024-12-01,2025-03-03,57679.0,Cancelled
CMP_314,BR_017,INF_263,Video,2024-07-01,2024-09-02,249493.0,Cancelled
CMP_315,BR_040,INF_012,Video,2022-04-29,2022-07-29,143408.0,Completed
CMP_316,BR_055,INF_177,Post,2023-03-23,2023-04-02,293725.0,Completed
CMP_317,BR_005,INF_147,Video,2022-05-22,2022-07-26,104362.0,Completed
CMP_318,BR_049,INF_230,Video,2024-05-10,2024-09-06,206946.0,Completed
CMP_319,BR_045,INF_061,Reel,2025-01-09,2025-05-04,291678.0,Ongoing
CMP_320,BR_001,INF_012,Story,2024-12-19,,252747.0,Cancelled
CMP_321,BR_030,INF_127,Video,2025-01-20,2025-03-14,191487.0,Completed
CMP_322,BR_093,INF_058,Post,2023-07-19,,434399.0,Cancelled
CMP_323,BR_003,INF_124,Reel,2024-05-08,2024-09-03,45279.0,Completed
CMP_324,BR_091,INF_025,Reel,2022-03-10,2022-06-09,398256.0,Completed
CMP_325,BR_028,INF_029,Reel,2024-04-03,2024-06-16,274186.0,Ongoing
CMP_326,BR_074,INF_164,Story,2023-04-25,2023-08-01,134205.0,Ongoing
CMP_327,BR_029,INF_212,Story,2022-10-21,2022-12-31,154259.0,Completed
CMP_328,BR_095,INF_090,Video,2025-02-14,2025-06-11,301425.0,Ongoing
CMP_329,BR_086,INF_196,Story,2022-04-07,2022-07-03,375066.0,Ongoing
CMP_330,BR_024,INF_276,Video,2024-04-16,2024-06-08,136336.0,Completed
CMP_331,BR_060,INF_030,Video,2023-09-08,2023-10-01,228370.0,Cancelled
CMP_332,BR_033,INF_105,Story,2024-12-21,2025-01-26,349060.0,Completed
CMP_333,BR_069,INF_098,Post,2024-07-10,2024-07-26,150751.0,Ongoing
CMP_334,BR_098,INF_287,Reel,2022-03-22,2022-04-20,261340.0,Completed
CMP_335,BR_028,INF_098,Post,2023-11-13,2023-11-19,401579.0,Ongoing
CMP_336,BR_027,INF_204,Reel,,2023-08-15,299448.0,Ongoing
CMP_337,BR_084,INF_184,Story,2023-08-03,2023-10-15,147133.0,Ongoing
CMP_338,BR_013,INF_241,Story,2024-11-16,2025-01-19,489372.0,Completed
CMP_339,BR_073,INF_114,Reel,2024-01-30,2024-02-09,18503.0,Ongoing
CMP_340,BR_093,INF_214,Story,2025-02-07,2025-04-27,89907.0,Completed
CMP_341,BR_032,INF_256,Story,2023-11-07,2024-01-23,144913.0,Ongoing
CMP_342,BR_046,INF_087,Reel,2024-10-01,2025-01-07,387651.0,Cancelled
CMP_343,BR_070,INF_031,Post,2024-09-27,2025-01-23,449913.0,Completed
CMP_344,BR_018,INF_119,Post,2022-04-10,2022-06-06,380760.0,Completed
CMP_345,BR_048,INF_031,Video,2022-01-19,2022-03-23,355654.0,Ongoing
CMP_346,BR_071,INF_211,Post,2022-02-02,,18769.0,Cancelled
CMP_347,BR_003,INF_258,Video,2023-07-17,2023-08-27,432664.0,Completed
CMP_348,BR_020,INF_124,Reel,2022-08-08,2022-10-19,334943.0,Cancelled
CMP_349,BR_051,INF_041,Story,2023-06-01,2023-07-10,222875.0,Ongoing
CMP_350,BR_029,INF_154,Post,2025-03-03,2025-06-05,352745.0,Cancelled
CMP_351,BR_049,INF_283,Video,2022-03-06,2022-04-28,39420.0,Cancelled
CMP_352,BR_064,INF_223,Story,2022-01-20,2022-02-04,306671.0,Completed
CMP_353,BR_028,INF_291,Video,2024-12-17,2025-01-20,152131.0,Completed
CMP_354,BR_070,INF_289,Post,2022-06-02,2022-07-12,104033.0,Ongoing
CMP_355,BR_019,INF_204,Post,2022-02-02,2022-04-23,166907.0,Completed
CMP_356,BR_050,INF_277,Story,2025-02-28,2025-06-19,211245.0,Cancelled
CMP_357,BR_093,INF_041,Story,2022-10-14,2023-01-15,38152.0,Completed
CMP_358,BR_044,INF_204,Story,2024-06-14,2024-06-28,25532.0,Cancelled
CMP_359,BR_063,INF_117,Story,2023-07-14,2023-09-14,299951.0,Ongoing
CMP_360,BR_085,INF_195,Post,2024-06-03,2024-08-21,414838.0,Cancelled
CMP_361,BR_010,INF_043,Story,2023-08-28,2023-12-02,90856.0,Ongoing
CMP_362,BR_047,INF_055,Post,2022-11-12,2022-12-27,12723.0,Ongoing
CMP_363,BR_014,INF_068,Post,2024-06-29,2024-08-07,108247.0,Ongoing
CMP_364,BR_053,INF_053,Post,2024-07-08,2024-09-16,56986.0,Ongoing
CMP_365,BR_042,INF_198,Post,2025-02-09,2025-05-01,163012.0,Ongoing
CMP_366,BR_072,INF_125,Reel,2024-03-05,2024-06-10,369302.0,Ongoing
CMP_367,BR_035,INF_253,Reel,2022-12-14,2023-01-26,43170.0,Completed
CMP_368,BR_062,INF_040,Story,2024-06-09,2024-07-22,141963.0,Completed
CMP_369,BR_059,INF_055,Reel,2024-10-12,2024-11-11,169728.0,Completed
CMP_370,BR_049,INF_169,Video,2024-03-21,,185498.0,Ongoing
CMP_371,BR_089,INF_103,Video,2022-10-06,2022-12-27,174722.0,Completed
CMP_372,BR_095,INF_252,Reel,2024-03-26,2024-05-07,180858.0,Ongoing
CMP_373,BR_047,INF_059,,2023-07-29,2023-09-22,320497.0,Cancelled
CMP_374,BR_004,INF_237,Reel,2023-01-04,2023-03-20,239876.0,Ongoing
CMP_375,BR_053,INF_256,Reel,2022-05-22,2022-09-05,342050.0,Ongoing
CMP_376,BR_092,INF_217,Video,2023-05-11,2023-06-04,48779.0,Ongoing
CMP_377,BR_065,INF_215,Post,,2024-11-20,424565.0,Ongoing
CMP_378,BR_014,INF_128,Story,2025-01-04,2025-01-19,97209.0,Cancelled
CMP_379,BR_087,INF_205,Story,2022-04-01,2022-06-27,427454.0,Ongoing
CMP_380,BR_034,INF_114,Reel,2022-08-05,,243716.0,Ongoing
CMP_381,BR_076,INF_257,Reel,2024-03-12,2024-06-11,190862.0,Completed
CMP_382,BR_011,INF_060,Reel,2024-09-15,2024-11-12,192624.0,Ongoing
CMP_383,BR_067,INF_248,Story,2023-12-04,2024-01-04,259646.0,Completed
CMP_384,BR_041,INF_035,Story,2024-06-16,2024-08-17,33426.0,Cancelled
CMP_385,BR_044,INF_056,Reel,2022-08-24,,497547.0,Cancelled
CMP_386,BR_021,INF_170,Video,2023-05-15,2023-07-29,252249.0,Completed
CMP_387,BR_082,INF_222,Video,2024-04-09,2024-05-07,25305.0,Cancelled
CMP_388,BR_050,INF_003,Reel,2023-02-09,2023-04-09,117890.0,Ongoing
CMP_389,BR_069,INF_096,Story,2022-05-09,2022-08-24,180909.0,Completed
CMP_390,BR_063,INF_271,Story,2024-07-26,2024-10-24,322984.0,Ongoing
CMP_391,BR_046,INF_235,Reel,2024-03-14,2024-05-02,436633.0,Cancelled
CMP_392,BR_011,INF_069,Story,2023-09-02,2023-11-21,71793.0,Completed
CMP_393,BR_089,INF_073,Video,2023-09-18,2023-11-09,229277.0,Cancelled
CMP_394,BR_024,INF_250,Reel,2022-10-10,2022-12-08,300934.0,Completed
CMP_395,BR_041,INF_231,Post,2024-09-29,,463782.0,Ongoing
CMP_396,BR_050,INF_288,Video,2022-01-20,2022-02-18,224504.0,Cancelled
CMP_397,BR_057,INF_251,Reel,2024-10-04,2025-01-24,53343.0,Cancelled
CMP_398,BR_038,INF_017,Story,2022-03-05,2022-04-07,127882.0,Cancelled
CMP_399,BR_073,INF_254,Post,2023-08-15,2023-10-17,310267.0,Completed
CMP_400,BR_047,INF_278,Post,2023-07-03,2023-10-21,408461.0,Cancelled
CMP_401,BR_014,INF_127,Story,2024-06-22,2024-08-20,468652.0,Completed
CMP_402,BR_012,INF_225,Post,2024-07-10,2024-11-02,416654.0,Completed
CMP_403,BR_089,INF_180,Video,2023-03-06,2023-05-25,97022.0,Cancelled
CMP_404,BR_027,INF_031,Story,2022-10-13,2023-01-30,289068.0,Ongoing
CMP_405,BR_038,INF_149,Story,,2025-04-13,459847.0,Cancelled
CMP_406,BR_053,INF_031,Story,2022-07-15,2022-10-24,,Cancelled
CMP_407,BR_032,INF_075,Story,2022-09-17,2022-10-08,444363.0,Completed
CMP_408,BR_081,INF_138,Video,2024-03-15,2024-06-01,206698.0,Ongoing
CMP_409,BR_099,INF_048,Video,2022-06-04,2022-09-29,280329.0,Cancelled
CMP_410,BR_048,INF_233,Video,2023-07-24,2023-11-18,181593.0,Cancelled
CMP_411,BR_094,INF_048,,2022-01-06,2022-04-29,342839.0,Cancelled
CMP_412,BR_069,INF_204,Reel,2024-01-04,2024-04-19,235256.0,Completed
CMP_413,BR_037,INF_173,Reel,2024-10-10,2025-01-29,306821.0,Ongoing
CMP_414,BR_007,INF_024,Post,2023-12-05,2024-03-16,338298.0,
CMP_415,BR_021,INF_226,Video,2022-02-03,,10354.0,Ongoing
CMP_416,BR_084,INF_155,Reel,2023-02-19,2023-03-12,468449.0,Ongoing
CMP_417,BR_011,INF_191,Reel,2022-07-11,2022-08-17,37151.0,Ongoing
CMP_418,BR_030,INF_220,Post,,2023-12-28,378940.0,Completed
CMP_419,BR_017,INF_116,Video,2022-01-03,2022-01-17,14869.0,Completed
CMP_420,BR_055,INF_068,Video,2023-12-05,2024-03-29,47134.0,Completed
CMP_421,BR_014,INF_053,Story,2024-02-24,2024-06-11,202708.0,Ongoing
CMP_422,BR_097,INF_069,Reel,2022-10-08,2023-01-25,45867.0,Cancelled
CMP_423,BR_084,INF_085,Video,2025-02-27,,194123.0,Cancelled
CMP_424,BR_053,INF_227,Reel,2023-03-13,2023-04-06,55449.0,Completed
CMP_425,BR_094,INF_197,Story,2022-10-14,2023-01-02,235123.0,Ongoing
CMP_426,BR_011,INF_128,Story,2022-10-14,2023-01-09,418404.0,Cancelled
CMP_427,BR_039,INF_106,Reel,2022-02-24,2022-05-24,402085.0,Ongoing
CMP_428,BR_031,INF_254,Video,2023-08-29,2023-12-12,69110.0,Completed
CMP_429,BR_068,INF_007,Story,2024-10-20,2024-11-03,499645.0,Ongoing
CMP_430,BR_073,INF_216,Story,2022-09-28,2023-01-18,296448.0,Cancelled
CMP_431,BR_010,INF_009,Post,2022-12-20,2023-04-02,17231.0,Ongoing
CMP_432,BR_008,INF_204,Story,2023-03-18,,339552.0,Cancelled
CMP_433,BR_090,INF_206,Post,2024-10-23,2024-12-21,345826.0,Cancelled
CMP_434,BR_011,INF_159,Post,2025-01-06,2025-02-15,278070.0,Completed
CMP_435,BR_076,INF_034,Story,2022-11-15,2023-01-09,,Ongoing
CMP_436,BR_056,INF_060,Video,2023-05-04,2023-05-20,331019.0,Cancelled
CMP_437,BR_085,INF_090,Post,2022-04-23,2022-07-31,16640.0,Cancelled
CMP_438,BR_064,INF_178,Story,2022-10-09,2022-11-03,97536.0,Ongoing
CMP_439,BR_035,INF_061,Post,2022-09-17,2023-01-11,185642.0,Ongoing
CMP_440,BR_092,INF_296,Post,2023-07-12,2023-08-19,270124.0,Ongoing
CMP_441,BR_073,INF_086,Story,2024-11-12,2025-01-19,92475.0,Ongoing
CMP_442,BR_093,INF_060,Reel,2022-07-30,2022-10-29,398382.0,Cancelled
CMP_443,BR_002,INF_126,Post,2022-01-06,,257340.0,Ongoing
CMP_444,BR_005,INF_284,Video,2024-02-24,2024-03-22,127710.0,Ongoing
CMP_445,BR_041,INF_139,Post,2023-05-24,2023-08-29,309649.0,Ongoing
CMP_446,BR_007,INF_092,Reel,2022-09-02,2022-12-31,431704.0,Cancelled
CMP_447,BR_060,INF_145,Story,2022-04-05,2022-04-18,181599.0,Completed
CMP_448,BR_026,INF_150,Story,2025-02-06,2025-03-30,397750.0,Cancelled
CMP_449,BR_064,INF_101,Reel,2023-05-12,,88940.0,Completed
CMP_450,BR_070,INF_178,Post,2024-04-19,,185645.0,Completed
CMP_451,BR_040,INF_054,Reel,2024-02-10,2024-05-18,287775.0,Completed
CMP_452,BR_019,INF_144,Post,2024-05-09,2024-05-21,33016.0,Completed
CMP_453,BR_048,INF_235,Post,2024-11-30,2025-03-29,314491.0,Completed
CMP_454,BR_051,INF_039,Post,2024-11-01,2025-02-18,238056.0,Cancelled
CMP_455,BR_041,INF_202,Story,2022-09-25,2022-11-02,176753.0,Ongoing
CMP_456,BR_018,INF_300,Post,2023-07-11,2023-08-10,91479.0,Completed
CMP_457,BR_053,INF_062,Story,2022-12-03,2023-01-17,413878.0,Completed
CMP_458,BR_016,INF_047,Reel,2024-07-14,2024-08-21,433413.0,Cancelled
CMP_459,BR_078,INF_021,Reel,2023-09-16,2023-12-19,448265.0,Ongoing
CMP_460,BR_046,INF_203,Post,2022-10-31,2022-12-06,365039.0,Ongoing
CMP_461,BR_004,INF_208,Video,2023-06-17,2023-07-14,301479.0,Cancelled
CMP_462,BR_014,INF_072,Post,2025-01-31,2025-04-05,16268.0,Completed
CMP_463,BR_052,INF_191,Post,2023-04-01,2023-07-20,315305.0,Cancelled
CMP_464,BR_003,INF_034,Reel,2023-06-15,2023-06-29,483167.0,Cancelled
CMP_465,BR_043,INF_063,Post,2024-06-27,2024-07-13,251694.0,Completed
CMP_466,BR_093,INF_203,Video,,2023-02-09,25457.0,Ongoing
CMP_467,BR_024,INF_141,Story,2024-05-23,2024-06-24,243838.0,Completed
CMP_468,BR_032,INF_152,Video,2022-03-12,2022-06-03,226002.0,
CMP_469,BR_050,INF_071,Video,2024-09-08,2024-10-18,114573.0,Cancelled
CMP_470,BR_070,INF_010,Video,2024-12-12,2025-03-29,419949.0,Cancelled
CMP_471,BR_063,INF_177,Story,2024-01-06,2024-04-20,213623.0,Ongoing
CMP_472,BR_077,INF_113,Post,2023-01-04,,479638.0,Ongoing
CMP_473,BR_068,INF_184,Reel,2022-04-30,2022-07-04,93689.0,Completed
CMP_474,BR_069,INF_029,Reel,2023-05-23,2023-07-01,311828.0,Ongoing
CMP_475,BR_023,INF_091,Reel,2023-12-28,2024-04-19,320650.0,Ongoing
CMP_476,BR_091,INF_181,Reel,2024-01-05,2024-01-13,305231.0,Completed
CMP_477,BR_063,INF_020,Post,2024-10-05,2024-11-01,39448.0,Completed
CMP_478,BR_062,INF_001,,2023-03-25,,491241.0,Cancelled
CMP_479,BR_092,INF_091,Story,2023-02-17,2023-04-06,41224.0,Completed
CMP_480,BR_100,INF_057,Story,2022-10-30,2022-11-22,48027.0,Ongoing
CMP_481,BR_039,INF_166,Reel,2024-03-21,2024-05-08,92577.0,Cancelled
CMP_482,BR_084,INF_163,Reel,2024-06-13,2024-08-19,380767.0,Cancelled
CMP_483,BR_023,INF_194,Story,2024-01-01,2024-03-21,394824.0,Cancelled
CMP_484,BR_001,INF_294,Video,2023-08-27,2023-12-03,456041.0,Cancelled
CMP_485,BR_079,INF_114,Post,2022-03-08,2022-04-22,270143.0,Completed
CMP_486,BR_045,INF_164,Reel,2023-11-10,2023-12-15,343545.0,Completed
CMP_487,BR_027,INF_128,Post,2023-11-19,2023-12-27,193753.0,Ongoing
CMP_488,BR_050,INF_225,Video,2022-08-10,2022-08-21,97209.0,Ongoing
CMP_489,BR_070,INF_193,Post,2024-10-06,2024-11-24,444533.0,Ongoing
CMP_490,BR_029,INF_084,Video,2025-03-29,2025-06-29,48644.0,Completed
CMP_491,BR_034,INF_054,Post,2023-08-27,,189205.0,Completed
CMP_492,BR_071,INF_048,Story,2024-02-08,2024-02-22,321443.0,Cancelled
CMP_493,BR_084,INF_085,Video,2024-09-15,2024-11-14,92367.0,Completed
CMP_494,BR_053,INF_284,Story,2022-07-27,2022-08-25,356343.0,Ongoing
CMP_495,BR_051,INF_293,Video,2023-09-02,2023-09-13,90525.0,Completed
CMP_496,BR_012,INF_151,Video,2024-01-09,,114687.0,Completed
CMP_497,BR_038,INF_042,Video,,2022-05-19,452378.0,Completed
CMP_498,BR_063,INF_136,Post,2023-09-24,2023-11-28,346522.0,Cancelled
CMP_499,BR_049,INF_190,Reel,2024-03-04,2024-06-30,243714.0,Completed
CMP_500,BR_029,INF_138,Post,2023-06-24,2023-08-01,89235.0,Cancelled
CMP_501,BR_070,INF_212,Reel,2022-07-18,2022-09-05,300246.0,Completed
CMP_502,BR_069,INF_244,Reel,2024-03-03,,259698.0,Ongoing
CMP_503,BR_092,INF_018,Reel,2022-06-11,2022-10-03,73062.0,Ongoing
CMP_504,BR_028,INF_099,Reel,,2023-01-16,32374.0,Ongoing
CMP_505,BR_026,INF_076,Story,2022-06-10,2022-08-09,177640.0,Cancelled
CMP_506,BR_051,INF_283,Story,2022-05-18,,459117.0,Ongoing
CMP_507,BR_002,INF_268,Video,2024-11-30,2025-03-26,68992.0,Ongoing
CMP_508,BR_075,INF_052,Post,2022-11-03,2023-01-22,,Completed
CMP_509,BR_045,INF_211,Story,2023-08-09,2023-12-04,210825.0,Cancelled
CMP_510,,INF_089,Story,2024-09-21,2024-11-25,221274.0,Completed
CMP_511,BR_043,INF_122,Post,,,400987.0,Ongoing
CMP_512,BR_044,INF_156,Story,,2023-07-12,156982.0,Ongoing
CMP_513,BR_018,INF_154,Video,2022-07-21,2022-08-24,415815.0,Ongoing
CMP_514,BR_083,INF_046,Reel,2023-07-06,2023-09-26,241586.0,Completed
CMP_515,BR_067,INF_192,Post,2024-04-13,2024-07-24,280149.0,Completed
CMP_516,BR_052,INF_070,Post,2022-05-15,2022-07-23,101088.0,Completed
CMP_517,BR_005,INF_234,Post,2023-02-16,2023-03-24,491312.0,Ongoing
CMP_518,BR_060,INF_259,Video,2023-02-12,2023-06-02,343137.0,Completed
CMP_519,BR_077,INF_229,Reel,2022-03-04,2022-05-10,466382.0,Ongoing
CMP_520,BR_034,INF_047,Story,2025-02-03,2025-02-28,24391.0,Ongoing
CMP_521,BR_100,INF_110,Reel,2022-04-12,2022-06-29,349413.0,Completed
CMP_522,BR_066,INF_011,Post,2023-02-28,2023-04-26,258563.0,Completed
CMP_523,BR_029,INF_130,Story,2022-12-21,2022-12-27,383681.0,Cancelled
CMP_524,BR_045,INF_236,,2023-07-18,2023-09-09,124404.0,Ongoing
CMP_525,BR_080,INF_204,Post,2023-09-11,2023-12-30,13852.0,Cancelled
CMP_526,BR_078,INF_145,Story,2024-02-06,2024-04-27,368829.0,Completed
CMP_527,BR_082,INF_167,Story,2024-09-13,2024-10-23,146916.0,Cancelled
CMP_528,BR_098,INF_124,Post,2023-09-04,2023-11-14,432277.0,Cancelled
CMP_529,BR_018,INF_014,Video,2024-04-07,2024-07-08,164981.0,Ongoing
CMP_530,BR_005,INF_299,Reel,2024-05-07,2024-08-14,189918.0,Cancelled
CMP_531,BR_061,INF_184,Story,2023-04-01,2023-06-26,453243.0,Completed
CMP_532,BR_061,INF_066,Story,2025-02-17,2025-03-06,390206.0,Cancelled
CMP_533,BR_043,INF_046,Reel,2023-01-10,,196270.0,Completed
CMP_534,BR_043,INF_191,Story,2023-09-21,2024-01-17,317007.0,Ongoing
CMP_535,BR_007,INF_299,Post,2024-08-07,2024-10-11,257579.0,Completed
CMP_536,BR_049,INF_272,Story,2024-10-21,,226587.0,Completed
CMP_537,BR_044,INF_210,Video,2022-11-05,2022-12-05,85090.0,Ongoing
CMP_538,BR_043,INF_091,Story,2023-01-05,2023-03-13,342660.0,Completed
CMP_539,BR_098,INF_087,Reel,2022-01-10,2022-02-10,266679.0,Completed
CMP_540,BR_055,INF_207,Video,2022-09-23,2022-12-18,260295.0,Ongoing
CMP_541,BR_026,INF_192,Post,2022-01-10,,477668.0,Ongoing
CMP_542,BR_001,INF_128,Reel,2024-12-23,2025-03-24,373606.0,Ongoing
CMP_543,BR_065,INF_157,Reel,2023-10-02,2023-11-25,44229.0,Completed
CMP_544,BR_094,INF_267,Story,2023-09-03,2023-11-05,237365.0,Cancelled
CMP_545,BR_063,INF_184,Reel,2022-10-02,2023-01-30,96446.0,Ongoing
CMP_546,BR_017,INF_109,Post,2022-02-09,2022-05-18,319168.0,Cancelled
CMP_547,BR_084,INF_020,Video,2022-12-13,2023-03-19,469561.0,Cancelled
CMP_548,BR_007,INF_025,Post,2023-06-08,2023-08-31,352657.0,Completed
CMP_549,BR_057,INF_195,Post,2022-04-09,2022-06-06,296933.0,Ongoing
CMP_550,BR_089,INF_005,Story,2024-08-29,2024-09-29,230657.0,Cancelled
CMP_551,BR_080,INF_071,Video,2022-07-26,2022-09-03,445501.0,Completed
CMP_552,BR_037,INF_059,Post,2024-11-13,2024-12-03,270958.0,Completed
CMP_553,BR_067,INF_104,Story,2023-02-14,2023-06-05,378803.0,Ongoing
CMP_554,BR_064,INF_107,Video,2023-08-28,2023-11-11,183331.0,Completed
CMP_555,BR_012,INF_057,Video,2022-01-06,,88194.0,Completed
CMP_556,BR_013,INF_132,Reel,2024-11-13,2025-02-18,249469.0,Ongoing
CMP_557,BR_023,INF_021,Story,2023-06-25,2023-07-12,198856.0,Cancelled
CMP_558,BR_013,INF_024,Post,2023-10-03,2023-10-22,456692.0,Completed
CMP_559,BR_057,INF_138,Post,2022-12-16,2023-04-14,205361.0,Ongoing
CMP_560,BR_059,INF_140,Video,2023-01-10,2023-03-07,371707.0,Ongoing
CMP_561,BR_022,INF_058,Reel,2024-05-13,2024-08-28,374993.0,Cancelled
CMP_562,BR_021,INF_054,Video,2022-05-01,2022-08-22,487745.0,Cancelled
CMP_563,BR_057,INF_093,Video,2024-09-15,2024-12-15,418506.0,Ongoing
CMP_564,BR_094,INF_067,Video,2022-03-01,2022-06-26,492553.0,Ongoing
CMP_565,BR_006,INF_033,Story,2022-08-20,2022-10-20,353394.0,Ongoing
CMP_566,BR_068,INF_296,Reel,2022-01-26,2022-04-27,361191.0,Ongoing
CMP_567,BR_080,INF_049,Video,2024-11-29,2025-03-03,356928.0,Cancelled
CMP_568,BR_087,INF_198,Reel,2023-05-25,2023-08-22,449894.0,
CMP_569,BR_021,INF_259,Video,2022-04-22,,456625.0,Ongoing
CMP_570,BR_042,INF_124,Story,2022-12-05,2023-02-10,155834.0,Completed
CMP_571,BR_049,INF_207,Reel,2024-11-04,2025-01-30,51329.0,
CMP_572,BR_012,INF_256,Video,2024-06-28,2024-08-29,175707.0,Completed
CMP_573,BR_014,INF_207,Video,2024-10-15,2024-10-22,28786.0,Cancelled
CMP_574,BR_012,INF_156,Reel,2025-01-29,,353196.0,Cancelled
CMP_575,BR_007,INF_115,Video,2024-07-23,2024-09-12,184049.0,Cancelled
CMP_576,BR_092,INF_232,Post,2024-08-26,2024-10-16,61085.0,Cancelled
CMP_577,BR_046,INF_150,Story,2023-03-31,,378100.0,Completed
CMP_578,BR_018,INF_210,Post,2022-04-04,2022-06-11,143320.0,Cancelled
CMP_579,BR_051,INF_111,Video,2023-02-06,2023-05-31,442303.0,Completed
CMP_580,BR_006,INF_064,Video,2023-11-24,2024-01-21,249802.0,Cancelled
CMP_581,BR_001,INF_272,Post,2024-10-29,2025-01-05,300049.0,Ongoing
CMP_582,BR_023,INF_297,Reel,2024-09-16,2024-12-29,392989.0,Completed
CMP_583,BR_078,INF_165,Video,2022-08-01,2022-10-21,229500.0,Cancelled
CMP_584,BR_038,INF_232,Reel,2023-05-24,2023-07-11,82446.0,Ongoing
CMP_585,BR_071,INF_161,Reel,2024-11-15,2025-02-17,115323.0,Completed
CMP_586,BR_017,INF_092,Story,2023-08-19,2023-11-18,382429.0,Completed
CMP_587,BR_074,INF_214,Story,2023-12-23,2024-03-11,470050.0,Ongoing
CMP_588,BR_049,INF_075,Post,2022-01-27,2022-02-04,361406.0,Completed
CMP_589,BR_021,INF_147,Story,2023-02-14,2023-05-30,86770.0,Completed
CMP_590,BR_005,INF_184,Video,2023-08-28,2023-11-10,63729.0,Cancelled
CMP_591,BR_083,INF_288,Video,2025-02-24,2025-06-04,134568.0,Cancelled
CMP_592,BR_049,INF_199,Video,2023-08-13,2023-08-24,423197.0,Cancelled
CMP_593,BR_002,INF_129,Reel,2023-10-03,2023-10-14,335353.0,Ongoing
CMP_594,BR_091,INF_189,Reel,2023-04-07,2023-07-11,416924.0,Cancelled
CMP_595,BR_088,INF_039,Reel,2023-02-01,2023-02-28,101118.0,Cancelled
CMP_596,BR_055,INF_143,Story,2024-11-18,2024-11-28,78192.0,Completed
CMP_597,BR_060,INF_080,Post,2023-06-07,,90584.0,Ongoing
CMP_598,BR_079,INF_155,Video,2022-04-15,2022-07-09,424139.0,Cancelled
CMP_599,BR_091,INF_163,Reel,2025-01-31,2025-05-16,106400.0,Cancelled
CMP_600,BR_054,INF_279,Video,2022-05-20,2022-06-14,58205.0,Ongoing
CMP_601,BR_043,INF_170,Story,2023-03-30,2023-06-27,163917.0,Completed
CMP_602,BR_097,INF_005,Post,2024-12-22,2025-03-08,360716.0,Ongoing
CMP_603,BR_079,INF_125,Post,2024-07-01,2024-09-26,367853.0,Ongoing
CMP_604,BR_050,INF_132,Story,2024-02-21,2024-03-11,22952.0,Cancelled
CMP_605,BR_058,INF_250,Post,2024-02-07,,165416.0,Cancelled
CMP_606,BR_013,INF_086,Post,2023-01-30,2023-02-14,338693.0,Completed
CMP_607,BR_028,INF_218,Post,2023-03-08,2023-06-20,117782.0,Cancelled
CMP_608,BR_096,INF_079,Post,2024-06-10,2024-06-24,250766.0,Cancelled
CMP_609,BR_010,INF_028,Reel,2023-11-11,,426397.0,Ongoing
CMP_610,BR_030,INF_133,,2025-02-16,2025-06-06,213440.0,Ongoing
CMP_611,BR_050,INF_061,Post,2024-04-08,2024-04-15,346290.0,Cancelled
CMP_612,BR_006,INF_038,Story,2022-05-10,2022-07-28,496564.0,Cancelled
CMP_613,BR_039,INF_045,Story,2022-08-06,2022-11-06,411224.0,Ongoing
CMP_614,BR_004,INF_243,Reel,2024-02-21,2024-05-20,289690.0,Completed
CMP_615,BR_070,INF_152,Reel,2022-10-07,2023-01-21,166267.0,
CMP_616,BR_071,INF_285,Reel,2024-02-04,2024-02-10,74610.0,Completed
CMP_617,BR_069,INF_281,Post,2022-01-11,2022-03-07,169745.0,Completed
CMP_618,BR_083,INF_263,Reel,2023-12-06,,94386.0,Completed
CMP_619,BR_025,INF_059,Reel,2023-03-29,2023-05-05,361785.0,Cancelled
CMP_620,BR_060,INF_282,Post,2022-04-22,2022-07-06,162385.0,Cancelled
CMP_621,BR_093,INF_298,Video,2022-05-18,2022-06-17,183461.0,Ongoing
CMP_622,BR_013,INF_146,Post,2022-09-20,2022-10-25,481921.0,Completed
CMP_623,BR_079,INF_157,Reel,2023-10-13,2023-11-29,306512.0,Cancelled
CMP_624,BR_022,INF_003,Story,2024-01-17,2024-03-16,139066.0,Completed
CMP_625,BR_018,INF_170,Video,2024-06-12,2024-08-02,252665.0,Ongoing
CMP_626,BR_071,INF_056,Reel,2024-01-05,2024-03-12,348454.0,Cancelled
CMP_627,BR_018,INF_276,Reel,2022-06-17,2022-10-09,148010.0,Cancelled
CMP_628,BR_003,INF_260,Post,2022-06-06,2022-10-03,436058.0,Cancelled
CMP_629,BR_028,INF_019,Story,2025-03-31,2025-06-19,294934.0,Cancelled
CMP_630,BR_047,INF_201,Reel,2024-08-24,2024-09-17,477370.0,Cancelled
CMP_631,BR_066,INF_047,Video,2023-08-19,2023-10-27,200770.0,Cancelled
CMP_632,BR_079,INF_085,Reel,2022-01-22,2022-05-15,243948.0,Completed
CMP_633,BR_085,INF_075,Video,2023-01-02,2023-03-20,198112.0,Completed
CMP_634,BR_009,INF_136,Story,2023-03-25,2023-04-28,132693.0,Completed
CMP_635,BR_047,INF_199,Video,2023-02-28,2023-06-14,491244.0,Ongoing
CMP_636,BR_084,INF_166,Post,2022-04-06,,378960.0,Cancelled
CMP_637,BR_075,INF_279,Reel,2023-07-15,2023-08-22,207478.0,Cancelled
CMP_638,BR_010,INF_265,Story,2024-02-15,2024-05-13,207304.0,Completed
CMP_639,BR_045,INF_250,Video,2024-11-23,2025-03-12,475133.0,Cancelled
CMP_640,BR_057,INF_085,Reel,2022-01-14,2022-02-05,50416.0,Cancelled
CMP_641,BR_021,INF_186,Post,2023-07-30,2023-08-27,356611.0,Completed
CMP_642,BR_015,INF_247,Video,2024-04-29,2024-08-04,261145.0,Completed
CMP_643,BR_003,INF_125,Post,2022-11-27,2023-01-23,77048.0,Cancelled
CMP_644,BR_006,INF_294,Reel,2022-11-26,2023-02-04,39313.0,Completed
CMP_645,BR_052,INF_289,Post,2023-06-13,2023-08-23,470591.0,Cancelled
CMP_646,BR_058,INF_242,Video,2023-08-04,2023-09-05,99426.0,Completed
CMP_647,BR_075,INF_094,Story,2024-04-21,2024-08-05,97934.0,Cancelled
CMP_648,BR_076,INF_036,Reel,2023-12-03,2024-02-22,208291.0,Ongoing
CMP_649,BR_067,INF_259,Video,2022-09-28,2022-10-28,443331.0,Completed
CMP_650,BR_079,INF_020,Post,2022-07-17,2022-11-14,58858.0,Ongoing
CMP_651,BR_001,INF_221,Video,2022-09-24,2022-12-07,204184.0,Completed
CMP_652,BR_062,INF_196,Story,2024-12-21,2025-04-07,318830.0,Cancelled
CMP_653,BR_033,INF_245,Reel,2025-03-25,2025-04-16,487146.0,Completed
CMP_654,BR_053,INF_132,Reel,2023-08-04,2023-10-17,12867.0,Cancelled
CMP_655,BR_067,INF_004,Video,2022-01-15,2022-02-04,353170.0,Completed
CMP_656,BR_020,INF_219,Story,2023-10-09,2023-10-27,146997.0,Cancelled
CMP_657,BR_036,INF_204,Reel,2024-05-17,2024-08-08,226650.0,Cancelled
CMP_658,BR_072,INF_285,Video,2025-02-15,2025-04-08,143052.0,Ongoing
CMP_659,BR_051,INF_071,Post,2025-03-29,2025-07-02,402070.0,Completed
CMP_660,BR_013,INF_110,Video,2024-07-03,2024-07-28,422132.0,Ongoing
CMP_661,BR_091,INF_027,Reel,2025-02-01,2025-05-04,214002.0,Cancelled
CMP_662,BR_019,INF_242,Video,2022-01-11,2022-05-01,56211.0,Completed
CMP_663,BR_078,INF_020,Video,2023-06-23,2023-07-08,497946.0,Ongoing
CMP_664,BR_008,INF_090,Video,2024-12-03,2025-02-22,240147.0,Completed
CMP_665,BR_067,INF_147,Reel,2023-02-18,2023-06-05,27620.0,Cancelled
CMP_666,BR_079,INF_087,Post,2024-11-11,2024-12-15,198607.0,Completed
CMP_667,BR_036,INF_205,Story,2022-01-01,2022-01-17,361095.0,Ongoing
CMP_668,BR_002,INF_036,Post,2024-04-10,2024-06-20,298144.0,Ongoing
CMP_669,BR_045,INF_142,Reel,2025-02-19,2025-04-09,327909.0,Completed
CMP_670,BR_001,INF_134,Reel,2024-07-20,2024-10-06,223455.0,Cancelled
CMP_671,BR_038,INF_175,Post,2022-08-07,2022-10-15,430972.0,Cancelled
CMP_672,BR_074,INF_129,Video,2023-06-12,2023-09-29,207698.0,Cancelled
CMP_673,BR_044,INF_235,Video,2024-09-17,2024-12-27,480036.0,Cancelled
CMP_674,BR_009,INF_196,Reel,2022-02-26,2022-04-05,364897.0,Cancelled
CMP_675,BR_046,INF_265,Post,,2023-06-12,377430.0,Ongoing
CMP_676,BR_087,INF_176,Post,2023-05-24,2023-07-19,300744.0,Completed
CMP_677,BR_074,INF_138,Reel,2024-09-02,2024-10-04,401200.0,Cancelled
CMP_678,BR_031,INF_124,Story,2023-01-25,2023-02-24,118411.0,Completed
CMP_679,BR_080,INF_183,Reel,2023-02-20,2023-06-12,418388.0,Completed
CMP_680,BR_085,INF_253,Post,2022-09-03,2022-12-03,410684.0,Cancelled
CMP_681,BR_080,INF_162,Video,2022-03-28,2022-05-19,480874.0,Cancelled
CMP_682,BR_066,INF_144,Video,2023-07-17,2023-10-27,126440.0,Cancelled
CMP_683,BR_055,INF_245,Post,,2023-01-05,273441.0,Ongoing
CMP_684,BR_023,INF_235,Post,2024-03-17,2024-06-29,376081.0,Cancelled
CMP_685,BR_002,INF_108,Video,2024-07-31,2024-08-06,314615.0,Completed
CMP_686,BR_034,INF_096,Story,2023-10-29,2024-02-21,134329.0,Ongoing
CMP_687,BR_047,INF_095,Video,2024-08-23,2024-10-10,232268.0,Completed
CMP_688,BR_047,INF_206,Story,2024-05-08,2024-06-29,246311.0,Completed
CMP_689,BR_088,INF_118,Post,2025-03-16,2025-06-02,,Ongoing
CMP_690,BR_049,INF_101,Reel,2023-04-28,2023-08-20,429450.0,Cancelled
CMP_691,BR_023,INF_216,Video,2022-11-03,2022-11-09,80501.0,Cancelled
CMP_692,BR_063,INF_154,Story,2024-11-24,2025-01-08,304722.0,Cancelled
CMP_693,BR_021,INF_031,Reel,,2022-07-10,436675.0,Ongoing
CMP_694,BR_058,INF_172,Story,2024-09-02,2024-09-19,199248.0,Ongoing
CMP_695,BR_033,INF_177,Post,2025-02-21,2025-06-09,225881.0,Completed
CMP_696,BR_026,INF_296,Reel,2023-12-21,2024-03-12,419106.0,Ongoing
CMP_697,BR_063,INF_229,Post,2023-12-29,2024-03-08,209790.0,Cancelled
CMP_698,BR_022,INF_173,Video,2023-08-10,2023-09-02,340969.0,Cancelled
CMP_699,BR_011,INF_083,Story,2025-03-16,2025-03-30,129651.0,Ongoing
CMP_700,BR_035,INF_203,Story,2023-10-11,2024-01-14,475406.0,Ongoing
CMP_701,BR_058,INF_212,Reel,2024-01-14,2024-03-25,106409.0,Completed
CMP_702,BR_033,INF_041,Reel,2022-09-14,2022-12-12,97509.0,Ongoing
CMP_703,BR_061,INF_281,Post,2022-07-30,2022-11-24,23822.0,Ongoing
CMP_704,,INF_135,Reel,2024-12-09,2024-12-24,54203.0,Cancelled
CMP_705,BR_095,INF_146,Video,2024-03-09,2024-04-14,338456.0,Completed
CMP_706,BR_004,INF_018,Story,2022-09-26,2022-10-22,461081.0,Ongoing
CMP_707,BR_070,INF_140,Video,2024-09-02,2024-12-27,80839.0,Cancelled
CMP_708,BR_059,INF_289,Video,2025-01-09,2025-03-31,284443.0,Cancelled
CMP_709,BR_062,INF_277,Reel,2024-12-29,2025-02-16,431898.0,Completed
CMP_710,BR_034,INF_080,Story,2024-06-23,2024-08-19,15534.0,Completed
CMP_711,BR_018,INF_177,Story,2024-12-07,2025-03-30,255994.0,Cancelled
CMP_712,BR_097,INF_245,Story,,2022-03-26,14788.0,Ongoing
CMP_713,BR_001,INF_281,Story,2023-08-23,2023-12-07,108865.0,Ongoing
CMP_714,BR_021,INF_200,Video,2025-02-22,2025-03-30,125653.0,Ongoing
CMP_715,BR_067,INF_140,Story,2022-06-12,2022-07-17,349978.0,Cancelled
CMP_716,BR_025,INF_036,Reel,2024-12-25,2025-02-20,81630.0,Ongoing
CMP_717,BR_058,INF_140,Video,2022-08-15,2022-11-07,108455.0,Ongoing
CMP_718,BR_003,INF_096,Post,2022-02-09,2022-04-23,157909.0,Ongoing
CMP_719,BR_002,INF_120,Post,2022-09-14,2022-12-21,89001.0,Completed
CMP_720,BR_040,INF_256,Story,2024-10-07,2024-12-04,253104.0,Cancelled
CMP_721,BR_097,INF_075,Post,2022-03-06,2022-06-26,149724.0,Ongoing
CMP_722,BR_025,INF_129,Video,2022-05-27,2022-06-24,444242.0,
CMP_723,BR_032,INF_198,Video,2022-09-07,2022-12-12,139584.0,Cancelled
CMP_724,BR_099,INF_049,Reel,2022-03-10,2022-06-17,257896.0,Ongoing
CMP_725,BR_081,INF_022,Post,2023-10-02,2023-10-27,142808.0,Ongoing
CMP_726,BR_007,INF_112,Post,2023-09-04,2023-12-31,133714.0,Cancelled
CMP_727,BR_036,INF_300,Post,2024-06-08,2024-07-04,217517.0,Completed
CMP_728,BR_089,INF_244,Reel,2022-01-19,2022-04-08,204719.0,Completed
CMP_729,BR_088,INF_174,Post,2023-05-25,2023-06-10,41339.0,Ongoing
CMP_730,BR_014,INF_065,Video,2022-11-12,2023-02-26,131988.0,Ongoing
CMP_731,BR_045,INF_225,Reel,,2025-05-29,21195.0,Cancelled
CMP_732,BR_033,INF_021,Video,2024-02-13,2024-03-06,380475.0,Ongoing
CMP_733,BR_063,INF_098,Reel,2025-02-18,2025-05-23,295013.0,Ongoing
CMP_734,BR_077,INF_284,Reel,2023-10-25,2023-12-04,46111.0,Cancelled
CMP_735,BR_034,INF_278,Story,2022-11-14,2023-03-03,248068.0,Completed
CMP_736,BR_003,INF_187,Reel,2024-11-02,2024-11-30,178136.0,Cancelled
CMP_737,BR_050,INF_098,Video,2022-05-10,2022-07-22,411465.0,Cancelled
CMP_738,BR_053,INF_165,Post,2022-11-12,2022-12-28,60466.0,Cancelled
CMP_739,BR_017,INF_092,Post,2022-05-17,,115947.0,Completed
CMP_740,BR_074,INF_199,Video,,2024-09-30,285681.0,Cancelled
CMP_741,BR_029,INF_037,Post,2023-06-09,,497698.0,Completed
CMP_742,BR_011,INF_240,Post,2024-10-03,2025-01-22,199229.0,Cancelled
CMP_743,BR_091,INF_030,,2024-05-01,2024-08-15,287359.0,Completed
CMP_744,BR_028,INF_266,Post,2022-05-25,2022-06-08,63071.0,Cancelled
CMP_745,BR_025,INF_270,Reel,2023-04-19,2023-05-18,308858.0,Cancelled
CMP_746,BR_054,INF_055,Story,2023-01-02,2023-03-19,363628.0,Ongoing
CMP_747,BR_024,INF_282,Video,2024-05-24,2024-06-19,274604.0,Ongoing
CMP_748,BR_057,INF_181,Story,2022-11-20,2023-02-09,298401.0,Ongoing
CMP_749,BR_056,INF_166,Reel,2024-02-01,2024-04-27,305250.0,Cancelled
CMP_750,BR_096,INF_131,Story,2023-03-15,2023-05-29,247189.0,Ongoing
CMP_751,BR_005,INF_146,Post,2024-03-24,,281376.0,Completed
CMP_752,BR_029,INF_110,Story,2023-09-11,,21377.0,Cancelled
CMP_753,BR_072,INF_293,Reel,2023-07-20,2023-09-28,59433.0,Completed
CMP_754,BR_034,INF_188,Reel,2024-07-31,,132156.0,Ongoing
CMP_755,BR_073,INF_112,Post,2023-09-08,2023-11-03,389364.0,Ongoing
CMP_756,BR_089,INF_296,Post,2024-09-15,2025-01-03,,Cancelled
CMP_757,BR_074,INF_196,Post,2023-09-08,,419008.0,Completed
CMP_758,BR_056,INF_214,Post,2023-11-16,2024-03-04,466018.0,Completed
CMP_759,BR_049,INF_028,Story,2022-01-24,2022-04-19,284927.0,Completed
CMP_760,BR_042,INF_258,Reel,2023-10-16,,90319.0,Completed
CMP_761,BR_077,INF_295,Post,2024-03-15,2024-06-24,126436.0,Ongoing
CMP_762,BR_017,INF_173,Post,2023-08-17,2023-09-09,259484.0,Cancelled
CMP_763,BR_011,INF_205,Video,2022-04-11,2022-05-19,415707.0,Cancelled
CMP_764,BR_072,INF_102,Video,2022-09-25,2022-11-30,217260.0,Cancelled
CMP_765,BR_095,INF_269,Reel,2025-03-16,2025-06-07,137042.0,Completed
CMP_766,BR_088,INF_295,Post,2023-06-30,2023-08-15,68998.0,Cancelled
CMP_767,BR_025,INF_165,Story,2024-04-27,2024-06-15,321362.0,Cancelled
CMP_768,BR_045,INF_227,Reel,2022-02-19,2022-03-17,240929.0,Completed
CMP_769,BR_020,INF_044,Post,2023-04-24,2023-06-15,397753.0,Completed
CMP_770,BR_037,INF_008,Story,2023-05-13,2023-06-05,373748.0,Completed
CMP_771,BR_043,INF_108,Reel,2023-09-17,2023-09-24,116850.0,Cancelled
CMP_772,BR_062,INF_073,Post,2024-12-07,2025-02-20,207450.0,Cancelled
CMP_773,BR_022,INF_031,Story,2024-12-14,,115222.0,Cancelled
CMP_774,BR_002,INF_035,Video,2023-07-10,2023-10-06,356225.0,Ongoing
CMP_775,BR_038,INF_198,Reel,2024-01-08,,209597.0,Cancelled
CMP_776,BR_077,INF_273,Post,2022-07-23,2022-09-28,107736.0,Completed
CMP_777,BR_092,INF_012,Post,2024-10-22,2025-01-06,139704.0,Cancelled
CMP_778,BR_096,INF_081,Post,2023-09-17,2023-11-11,191812.0,Cancelled
CMP_779,BR_031,INF_257,Story,2023-12-22,2024-02-03,435665.0,Completed
CMP_780,BR_004,INF_285,Story,,2023-10-08,128270.0,Completed
CMP_781,BR_018,INF_045,Video,2023-12-01,2024-02-28,283006.0,
CMP_782,BR_020,INF_219,Story,2023-04-11,2023-06-28,486963.0,Cancelled
CMP_783,BR_027,INF_071,Reel,2023-11-06,2023-11-27,462244.0,Completed
CMP_784,BR_068,INF_070,,2023-09-25,2024-01-23,486578.0,Completed
CMP_785,BR_009,INF_286,,2025-03-02,2025-04-16,106539.0,Ongoing
CMP_786,BR_041,INF_212,Video,2022-10-26,2023-02-05,169041.0,Ongoing
CMP_787,,INF_068,Reel,2023-07-15,2023-08-13,23735.0,Cancelled
CMP_788,BR_030,INF_119,Reel,2023-07-01,2023-09-22,370383.0,Completed
CMP_789,BR_062,INF_069,Video,2024-01-06,2024-04-19,383303.0,Cancelled
CMP_790,BR_063,INF_243,Reel,2024-02-05,2024-03-30,95871.0,Completed
CMP_791,BR_098,INF_008,Story,2023-04-09,,226554.0,Completed
CMP_792,BR_023,INF_225,Video,2023-02-20,2023-03-05,370638.0,Ongoing
CMP_793,BR_052,INF_022,Video,2024-07-26,2024-09-23,387592.0,Ongoing
CMP_794,BR_074,INF_275,Post,2024-03-18,2024-06-26,282970.0,Completed
CMP_795,BR_006,INF_126,Video,2024-07-13,2024-11-07,395440.0,Completed
CMP_796,BR_081,INF_026,Reel,2025-02-16,2025-05-29,162661.0,Ongoing
CMP_797,BR_037,INF_237,Reel,2024-03-26,2024-07-08,231491.0,Ongoing
CMP_798,BR_019,INF_238,Video,2022-04-22,2022-08-20,57417.0,Cancelled
CMP_799,BR_075,INF_280,Reel,2024-10-22,2025-02-03,216080.0,Ongoing
CMP_800,BR_059,INF_104,Video,2023-10-25,2023-11-21,57280.0,Ongoing
CMP_801,BR_021,INF_064,Post,2023-10-26,2024-01-30,69855.0,Cancelled
CMP_802,BR_068,INF_197,Reel,2024-07-09,2024-07-24,208536.0,Cancelled
CMP_803,BR_022,INF_172,Reel,2024-02-19,,94999.0,Completed
CMP_804,BR_054,INF_158,Story,2023-01-02,2023-01-13,392815.0,Ongoing
CMP_805,BR_017,INF_104,Post,2023-08-15,2023-09-04,336400.0,Ongoing
CMP_806,BR_064,INF_279,Post,2022-01-26,2022-05-20,328758.0,Ongoing
CMP_807,BR_061,INF_233,Video,2023-05-03,2023-07-31,241669.0,Completed
CMP_808,BR_036,INF_286,Reel,2022-01-14,2022-03-30,35647.0,Completed
CMP_809,,INF_075,Post,2022-10-31,2022-12-19,359698.0,Cancelled
CMP_810,BR_007,INF_056,Video,2023-09-04,2023-09-20,103453.0,Completed
CMP_811,BR_090,INF_294,Reel,2023-08-06,2023-11-07,248728.0,Cancelled
CMP_812,BR_012,INF_154,Story,2025-03-31,2025-04-09,203236.0,Ongoing
CMP_813,BR_071,INF_034,Story,2022-05-19,2022-09-08,256843.0,Completed
CMP_814,BR_043,INF_270,Video,2022-09-07,2022-10-17,285065.0,Completed
CMP_815,BR_074,INF_271,Post,2023-03-05,2023-03-23,263578.0,Cancelled
CMP_816,BR_041,INF_133,Story,2023-08-12,2023-12-03,496070.0,Completed
CMP_817,BR_081,INF_255,Video,2025-02-26,2025-06-04,433614.0,Completed
CMP_818,BR_001,INF_061,Post,2023-04-22,2023-05-21,253733.0,Cancelled
CMP_819,BR_079,INF_213,Video,2022-08-30,2022-09-30,33851.0,Ongoing
CMP_820,BR_028,INF_006,Reel,2023-12-18,2024-03-13,371767.0,Ongoing
CMP_821,,INF_260,Story,2023-06-06,2023-07-20,412145.0,Completed
CMP_822,BR_051,INF_292,Post,2022-08-22,2022-10-09,,Completed
CMP_823,BR_087,INF_246,Video,2023-02-02,2023-03-22,427990.0,Completed
CMP_824,BR_059,INF_275,Story,2022-10-06,2022-12-30,252467.0,Ongoing
CMP_825,BR_073,INF_162,Post,2022-04-25,2022-06-07,119189.0,Cancelled
CMP_826,BR_046,INF_034,Reel,2023-11-11,2024-03-08,157041.0,Completed
CMP_827,BR_069,INF_085,Video,2023-11-26,2024-02-19,108240.0,Cancelled
CMP_828,BR_040,INF_162,Post,2022-08-28,2022-12-07,152342.0,Ongoing
CMP_829,BR_048,INF_232,Story,2022-06-27,2022-08-01,123319.0,Cancelled
CMP_830,BR_005,INF_104,Post,2023-09-12,2023-11-03,242665.0,Cancelled
CMP_831,BR_065,INF_079,Reel,2022-02-21,2022-06-21,188318.0,Ongoing
CMP_832,BR_019,INF_051,Reel,2024-12-08,2025-01-23,117577.0,Cancelled
CMP_833,BR_067,INF_060,Post,2022-03-16,2022-06-20,173043.0,Completed
CMP_834,BR_006,INF_053,Story,2022-06-28,2022-10-24,21786.0,Cancelled
CMP_835,BR_042,INF_103,Reel,2023-10-02,2023-11-02,160243.0,Ongoing
CMP_836,BR_086,INF_061,Story,2024-12-26,2025-02-25,88287.0,Completed
CMP_837,BR_072,INF_264,Post,2023-07-15,2023-10-07,118306.0,Cancelled
CMP_838,BR_019,INF_146,Reel,2023-12-19,2024-01-27,99797.0,Completed
CMP_839,BR_070,INF_228,Post,2023-09-30,2023-11-17,78196.0,Completed
CMP_840,BR_014,INF_197,Post,2024-08-22,2024-09-02,55151.0,Ongoing
CMP_841,BR_076,INF_229,Story,2024-03-13,2024-06-02,173808.0,Ongoing
CMP_842,BR_069,INF_041,Video,2023-02-10,2023-05-11,307685.0,Completed
CMP_843,BR_060,INF_050,Video,2022-07-10,2022-10-12,172734.0,Cancelled
CMP_844,BR_019,INF_133,Story,2024-08-11,2024-09-13,215561.0,Completed
CMP_845,BR_042,INF_233,Video,2023-11-08,2024-03-04,25867.0,Completed
CMP_846,BR_060,INF_088,Story,2024-08-31,2024-11-05,412622.0,Ongoing
CMP_847,BR_052,INF_055,Story,2025-03-22,2025-04-09,301582.0,Cancelled
CMP_848,BR_060,INF_206,Video,2022-05-26,2022-08-07,135082.0,Cancelled
CMP_849,BR_050,INF_034,Story,2023-05-15,2023-07-20,119176.0,Cancelled
CMP_850,BR_073,INF_176,Reel,2024-06-01,2024-07-31,100746.0,Cancelled
CMP_851,BR_074,INF_250,Post,2022-06-09,2022-09-13,320464.0,Cancelled
CMP_852,BR_057,INF_091,Story,2024-08-06,2024-08-23,222752.0,Completed
CMP_853,BR_099,INF_195,Story,2022-08-11,2022-10-31,269153.0,Cancelled
CMP_854,BR_018,INF_298,Post,2022-05-06,2022-08-23,406926.0,Completed
CMP_855,BR_050,INF_296,Video,2022-11-02,2022-12-14,112585.0,Completed
CMP_856,BR_087,INF_156,Video,2023-10-11,2024-01-25,386329.0,Ongoing
CMP_857,BR_066,INF_207,Reel,2022-07-02,2022-09-23,456958.0,Ongoing
CMP_858,BR_007,INF_001,Story,2022-05-08,2022-07-22,67513.0,Ongoing
CMP_859,,INF_202,Story,2022-03-05,2022-06-07,383174.0,Ongoing
CMP_860,BR_028,INF_089,Video,2024-04-11,2024-06-24,82912.0,Completed
CMP_861,BR_054,INF_079,Story,2025-02-11,2025-04-03,467564.0,Cancelled
CMP_862,,INF_009,Reel,2022-09-15,2022-09-29,388189.0,Ongoing
CMP_863,BR_011,INF_071,Video,2024-06-13,2024-07-05,460967.0,Ongoing
CMP_864,BR_066,INF_218,Video,2024-05-21,2024-07-23,211701.0,Ongoing
CMP_865,BR_001,INF_296,,2023-04-08,2023-06-29,453969.0,Cancelled
CMP_866,BR_053,INF_280,Story,2023-04-30,2023-06-08,27543.0,Completed
CMP_867,BR_015,INF_298,Video,2025-03-09,2025-04-30,372019.0,Completed
CMP_868,BR_097,INF_144,Video,2022-10-18,2022-12-29,281030.0,Completed
CMP_869,BR_032,INF_242,Post,2024-12-07,2024-12-23,368651.0,Cancelled
CMP_870,BR_079,INF_028,Story,2025-01-09,2025-02-22,290511.0,Completed
CMP_871,BR_061,INF_294,Story,2024-08-18,2024-12-16,230733.0,Ongoing
CMP_872,BR_089,INF_156,Story,2023-08-27,2023-09-05,42200.0,Cancelled
CMP_873,BR_007,INF_150,Post,2024-08-27,2024-11-13,160374.0,Ongoing
CMP_874,BR_036,INF_130,Reel,2022-06-18,2022-07-02,332855.0,Ongoing
CMP_875,BR_095,INF_058,Reel,2023-07-18,2023-07-24,487171.0,Cancelled
CMP_876,BR_023,INF_134,Reel,,2022-12-28,264236.0,Completed
CMP_877,BR_011,INF_075,Reel,2024-12-16,2025-02-02,449151.0,Ongoing
CMP_878,BR_085,INF_226,Reel,2024-04-25,2024-05-30,,Cancelled
CMP_879,BR_097,INF_060,Post,2023-12-08,2024-01-15,97870.0,Ongoing
CMP_880,BR_096,INF_273,Reel,2024-03-27,2024-05-31,209124.0,Cancelled
CMP_881,BR_068,INF_223,Post,2024-03-09,2024-04-01,161410.0,Ongoing
CMP_882,BR_088,INF_022,Post,2024-02-22,2024-05-04,491145.0,Cancelled
CMP_883,BR_079,INF_140,Story,2023-12-26,2024-02-24,151728.0,Ongoing
CMP_884,BR_051,INF_237,Reel,2022-07-21,2022-10-08,394991.0,Cancelled
CMP_885,BR_089,INF_093,Story,2023-02-04,2023-05-06,297106.0,Completed
CMP_886,BR_053,INF_051,Post,2022-01-18,2022-01-24,369399.0,Ongoing
CMP_887,BR_033,INF_099,Post,2023-12-21,2024-01-31,22425.0,Cancelled
CMP_888,BR_085,INF_112,Post,2022-07-08,2022-09-27,381235.0,Completed
CMP_889,BR_049,INF_290,Reel,2022-06-26,2022-07-17,479762.0,Completed
CMP_890,BR_085,INF_039,Video,2023-01-13,2023-03-18,493758.0,Ongoing
CMP_891,BR_099,INF_166,Story,2024-05-24,2024-08-22,94916.0,Completed
CMP_892,BR_050,INF_171,Post,2023-07-22,2023-09-13,145391.0,Ongoing
CMP_893,BR_026,INF_202,Reel,2022-12-31,2023-03-08,348419.0,Ongoing
CMP_894,BR_056,INF_112,Post,2022-08-11,2022-11-22,488470.0,Ongoing
CMP_895,BR_010,INF_293,Story,2023-06-15,2023-06-29,417496.0,Ongoing
CMP_896,BR_084,INF_001,Post,2022-02-08,2022-03-04,358444.0,Ongoing
CMP_897,BR_051,INF_295,Post,2023-06-30,2023-08-16,280209.0,Cancelled
CMP_898,BR_094,INF_036,Reel,2024-10-01,2024-11-26,11734.0,Ongoing
CMP_899,BR_046,INF_171,Story,2024-09-14,2024-11-26,220037.0,Completed
CMP_900,BR_044,INF_042,Video,2022-07-05,2022-10-27,408696.0,Ongoing
CMP_901,BR_050,INF_098,Story,2023-02-20,2023-03-02,374842.0,Ongoing
CMP_902,BR_063,INF_044,Video,2022-08-07,2022-09-26,395521.0,Completed
CMP_903,BR_004,INF_123,Video,2022-10-14,,213826.0,Completed
CMP_904,BR_069,INF_231,Post,2025-01-12,2025-03-21,29421.0,Ongoing
CMP_905,BR_006,INF_208,Post,2022-04-25,2022-07-31,120980.0,Cancelled
CMP_906,BR_069,INF_077,Reel,2024-12-07,2025-03-08,494869.0,Completed
CMP_907,BR_084,INF_010,Video,2022-03-17,2022-05-23,485622.0,Cancelled
CMP_908,BR_017,INF_008,Reel,2022-04-04,2022-07-01,341696.0,Completed
CMP_909,BR_059,INF_088,Post,2023-09-22,2023-10-09,438762.0,Completed
CMP_910,BR_079,INF_113,Post,2022-08-22,2022-12-07,431765.0,Completed
CMP_911,BR_095,INF_206,Story,2024-05-22,2024-09-10,73335.0,Cancelled
CMP_912,BR_028,INF_024,Reel,2025-03-25,2025-05-10,185900.0,Completed
CMP_913,BR_054,INF_087,Story,2022-09-05,2022-12-15,300145.0,Completed
CMP_914,BR_006,INF_069,Post,2024-06-17,2024-09-04,,Cancelled
CMP_915,BR_063,INF_042,Post,2024-02-10,2024-02-17,13787.0,Completed
CMP_916,BR_037,INF_214,Video,2022-07-02,2022-09-20,372995.0,Completed
CMP_917,BR_067,INF_231,Video,2023-02-27,2023-04-07,135437.0,
CMP_918,BR_064,INF_046,Story,2022-03-19,2022-06-23,192375.0,Ongoing
CMP_919,BR_016,INF_272,Post,2022-01-10,2022-02-08,334492.0,Ongoing
CMP_920,BR_099,INF_107,Story,2025-01-10,2025-03-15,37823.0,Completed
CMP_921,BR_061,INF_255,Reel,2022-08-19,2022-11-19,93760.0,Cancelled
CMP_922,BR_037,INF_108,Video,2022-03-30,2022-05-20,141796.0,Ongoing
CMP_923,BR_095,INF_027,Reel,2024-07-17,,92861.0,Completed
CMP_924,BR_031,INF_228,Story,2024-09-20,2024-10-04,229711.0,Completed
CMP_925,BR_042,INF_117,Post,2023-10-30,2023-11-18,134318.0,Cancelled
CMP_926,BR_029,INF_038,Video,2024-04-24,2024-06-16,316756.0,Ongoing
CMP_927,BR_028,INF_233,Reel,,2022-05-15,213072.0,Ongoing
CMP_928,BR_081,INF_184,Story,2022-10-07,2022-11-05,116016.0,Ongoing
CMP_929,BR_073,INF_031,Story,2022-09-18,,81566.0,Completed
CMP_930,BR_098,INF_176,Reel,2024-08-11,2024-09-06,474733.0,Ongoing
CMP_931,BR_079,INF_088,Reel,2022-11-18,2023-02-12,55337.0,Ongoing
CMP_932,BR_076,INF_243,Video,2024-12-04,2025-01-05,156365.0,Completed
CMP_933,BR_032,INF_168,Video,2024-05-26,2024-07-01,313807.0,Completed
CMP_934,BR_001,INF_214,Post,2022-11-02,2023-03-01,31002.0,Ongoing
CMP_935,BR_068,INF_202,Video,2024-10-29,,434524.0,Cancelled
CMP_936,BR_011,INF_286,Post,2022-07-20,2022-08-24,373415.0,Cancelled
CMP_937,BR_046,INF_152,Reel,2024-04-12,2024-05-03,349549.0,Completed
CMP_938,BR_021,INF_236,Post,2022-02-02,2022-03-18,248467.0,Ongoing
CMP_939,BR_024,INF_190,Video,2022-10-11,2022-12-06,379047.0,Cancelled
CMP_940,BR_050,INF_171,Post,2022-01-03,2022-01-17,165498.0,Ongoing
CMP_941,BR_070,INF_295,Reel,2023-07-07,2023-09-28,422977.0,Cancelled
CMP_942,BR_095,INF_029,Story,2022-06-15,2022-08-01,475556.0,Completed
CMP_943,BR_080,INF_021,Story,2022-08-16,2022-10-19,202116.0,Completed
CMP_944,BR_091,INF_105,Reel,2025-02-18,2025-05-05,185599.0,Completed
CMP_945,BR_095,INF_298,Reel,2025-01-10,2025-03-17,404879.0,Cancelled
CMP_946,BR_035,INF_258,Video,2023-04-07,2023-08-04,155303.0,Completed
CMP_947,BR_063,INF_257,Post,2022-05-10,2022-07-11,256501.0,Cancelled
CMP_948,BR_038,INF_232,Story,2024-12-25,2025-03-08,429379.0,Cancelled
CMP_949,BR_059,INF_045,Post,2022-05-15,2022-09-10,214830.0,Completed
CMP_950,BR_014,INF_085,Story,2023-08-14,2023-08-28,68733.0,Cancelled
CMP_951,BR_027,INF_267,Post,2022-10-31,2023-02-24,163705.0,Ongoing
CMP_952,BR_045,INF_216,Video,2025-01-13,2025-03-19,396772.0,Cancelled
CMP_953,BR_003,INF_119,Story,2022-02-13,2022-02-26,225845.0,Cancelled
CMP_954,BR_042,INF_249,Video,2023-12-04,2024-03-18,250127.0,Ongoing
CMP_955,BR_040,INF_088,Story,2025-03-07,2025-06-21,128899.0,Ongoing
CMP_956,BR_007,INF_076,Story,2024-02-01,2024-05-14,159098.0,Ongoing
CMP_957,BR_092,INF_275,Story,2022-12-07,2023-01-01,105567.0,
CMP_958,BR_006,INF_163,Reel,2022-11-11,2022-11-30,241152.0,Ongoing
CMP_959,BR_091,INF_018,Story,2024-01-28,2024-04-13,190274.0,Completed
CMP_960,BR_069,INF_155,Post,2024-02-03,2024-02-28,492572.0,
CMP_961,BR_019,INF_235,Story,2024-04-08,2024-07-20,91816.0,Completed
CMP_962,BR_083,INF_152,Video,2025-01-23,2025-03-11,479750.0,Ongoing
CMP_963,BR_073,INF_227,Story,2025-03-20,2025-07-05,371311.0,Completed
CMP_964,BR_087,INF_283,Post,2024-09-07,2024-09-29,171523.0,Completed
CMP_965,BR_058,INF_183,Post,2024-04-02,2024-05-05,181110.0,Completed
CMP_966,BR_099,INF_143,Reel,2023-02-04,2023-03-09,21821.0,Completed
CMP_967,BR_086,INF_045,Video,2025-01-07,2025-04-08,111947.0,Ongoing
CMP_968,BR_008,INF_185,Video,2023-10-13,2023-12-22,87566.0,Cancelled
CMP_969,BR_002,INF_146,Story,2024-05-25,2024-07-16,194211.0,Ongoing
CMP_970,BR_028,INF_228,Video,2024-07-01,2024-07-17,431362.0,Ongoing
CMP_971,BR_055,INF_213,Reel,2023-08-15,2023-11-21,448048.0,Cancelled
CMP_972,BR_061,INF_269,Story,2022-06-26,2022-08-08,44663.0,Cancelled
CMP_973,BR_082,INF_140,Video,2024-02-09,2024-04-06,101694.0,Cancelled
CMP_974,BR_018,INF_103,,2024-08-04,2024-11-13,446356.0,Ongoing
CMP_975,BR_039,INF_300,Story,2023-08-16,2023-08-26,269050.0,Cancelled
CMP_976,BR_001,INF_079,Story,2024-08-07,2024-11-21,167375.0,Cancelled
CMP_977,BR_037,INF_214,Reel,2024-08-25,2024-11-23,267890.0,Cancelled
CMP_978,BR_098,INF_142,Video,2023-05-17,,44983.0,Cancelled
CMP_979,BR_056,INF_133,Video,2024-01-11,2024-03-28,373984.0,Completed
CMP_980,BR_003,INF_133,Reel,2024-02-04,2024-04-22,314954.0,Completed
CMP_981,BR_089,INF_070,Story,2022-10-27,2023-02-21,95620.0,Completed
CMP_982,BR_046,INF_025,Story,2023-07-13,2023-10-07,162915.0,Cancelled
CMP_983,BR_081,INF_094,Post,2022-06-07,2022-09-18,323923.0,Completed
CMP_984,BR_088,INF_155,Story,2025-01-18,2025-03-04,369369.0,Cancelled
CMP_985,BR_046,INF_074,Post,2024-01-13,2024-04-01,81800.0,Cancelled
CMP_986,BR_053,INF_175,Reel,2023-07-31,2023-10-06,63696.0,Completed
CMP_987,BR_025,INF_287,Post,2022-11-13,2023-03-04,228809.0,Ongoing
CMP_988,BR_003,INF_246,Story,2022-06-06,2022-06-27,173354.0,Cancelled
CMP_989,BR_077,INF_268,Story,2024-01-13,2024-03-14,100286.0,Cancelled
CMP_990,BR_016,INF_114,Reel,2023-09-16,,459217.0,Cancelled
CMP_991,BR_017,INF_108,Reel,2022-10-19,2022-12-02,51211.0,Ongoing
CMP_992,BR_062,INF_221,Post,2022-08-17,2022-11-29,112944.0,Completed
CMP_993,BR_076,INF_031,Video,2022-03-09,2022-05-18,72349.0,Ongoing
CMP_994,BR_002,INF_050,Post,2022-03-30,2022-06-28,492396.0,Cancelled
CMP_995,BR_024,INF_180,Post,2023-02-25,2023-03-27,57594.0,Completed
CMP_996,BR_046,INF_083,Reel,2023-07-23,2023-09-10,274717.0,Cancelled
CMP_997,BR_098,INF_008,Reel,2022-05-20,2022-08-07,385291.0,Completed
CMP_998,BR_069,INF_003,Post,2023-08-01,2023-11-10,494563.0,Completed
CMP_999,BR_047,INF_095,Video,2024-10-29,2025-01-02,363121.0,Completed
CMP_1000,BR_055,INF_110,Reel,2023-01-06,2023-02-28,223688.0,Completed
